Time (Red),ABV (Red),Time (Yellow),ABV (Yellow),Time (Green),ABV (Green),,
1/24/24 16:43,0,1/24/24 16:43,0.00,1/24/24 16:49,0.00,,
1/24/24 16:49,0,1/24/24 16:49,0.13,1/24/24 16:55,-0.13,,
1/24/24 16:55,0,1/24/24 16:55,0.00,1/24/24 17:07,-0.13,,
1/24/24 17:08,0.13125,1/24/24 17:08,0.66,1/24/24 17:07,-0.13,,
1/24/24 17:08,0,1/24/24 17:08,0.53,1/24/24 17:24,-0.13,,
1/24/24 17:13,0,1/24/24 17:13,0.00,1/24/24 17:40,-0.13,,
1/24/24 17:30,0,1/24/24 17:30,0.00,1/24/24 17:57,-0.13,,
1/24/24 17:41,0,1/24/24 17:41,0.13,1/24/24 18:14,-0.13,,
1/24/24 17:52,0,1/24/24 17:52,0.00,1/24/24 18:25,-0.13,,
1/24/24 17:58,0,1/24/24 17:58,0.13,1/24/24 18:30,-0.13,,
1/24/24 18:15,0,1/24/24 18:15,0.13,1/24/24 18:36,-0.13,,
1/24/24 18:31,0,1/24/24 18:31,0.13,1/24/24 18:52,-0.13,,
1/24/24 18:37,0,1/24/24 18:37,0.00,1/24/24 19:09,-0.13,,
1/24/24 18:42,0,1/24/24 18:42,0.13,1/24/24 19:26,-0.13,,
1/24/24 18:48,0,1/24/24 18:48,0.13,1/24/24 19:42,-0.13,,
1/24/24 18:53,0,1/24/24 18:53,0.13,1/24/24 19:54,-0.13,,
1/24/24 18:59,0,1/24/24 18:59,0.13,1/24/24 19:59,-0.13,,
1/24/24 19:16,0,1/24/24 19:16,0.13,1/24/24 20:10,-0.13,,
1/24/24 19:27,0,1/24/24 19:27,0.00,1/24/24 20:16,-0.13,,
1/24/24 19:32,0,1/24/24 19:32,0.13,1/24/24 20:27,-0.13,,
1/24/24 19:43,0,1/24/24 19:43,0.00,1/24/24 20:32,-0.13,,
1/24/24 19:49,0,1/24/24 19:49,0.13,1/24/24 20:38,-0.13,,
1/24/24 19:54,0,1/24/24 19:54,0.00,1/24/24 20:43,-0.13,,
1/24/24 20:05,0,1/24/24 20:05,0.13,1/24/24 20:49,-0.13,,
1/24/24 20:22,0,1/24/24 20:22,0.13,1/24/24 21:00,-0.13,,
1/24/24 20:27,0,1/24/24 20:27,0.00,1/24/24 21:06,-0.13,,
1/24/24 20:33,0,1/24/24 20:33,0.13,1/24/24 21:11,-0.13,,
1/24/24 20:44,0,1/24/24 20:44,0.00,1/24/24 21:28,-0.13,,
1/24/24 20:50,0,1/24/24 20:50,0.13,1/24/24 21:44,-0.13,,
1/24/24 20:55,0,1/24/24 20:55,0.00,1/24/24 22:01,-0.13,,
1/24/24 21:06,0,1/24/24 21:06,0.13,1/24/24 22:07,0.00,,
1/24/24 21:23,0,1/24/24 21:23,0.13,1/24/24 22:12,-0.13,,
1/24/24 21:29,0,1/24/24 21:29,0.00,1/24/24 22:18,0.00,,
1/24/24 21:34,0,1/24/24 21:34,0.13,1/24/24 22:24,-0.13,,
1/24/24 21:51,0,1/24/24 21:51,0.00,1/24/24 22:29,0.00,,
1/24/24 22:02,0,1/24/24 22:02,0.00,1/24/24 22:35,-0.13,,
1/24/24 22:07,0,1/24/24 22:07,0.13,1/24/24 22:52,-0.13,,
1/24/24 22:24,0,1/24/24 22:24,0.13,1/24/24 23:03,0.00,,
1/24/24 22:40,0,1/24/24 22:40,0.13,1/24/24 23:08,-0.13,,
1/24/24 22:57,0,1/24/24 22:57,0.00,1/24/24 23:14,0.00,,
1/24/24 23:08,0.13125,1/24/24 23:08,0.13,1/24/24 23:19,-0.13,,
1/24/24 23:25,0,1/24/24 23:25,0.13,1/24/24 23:30,0.00,,
1/24/24 23:42,0,1/24/24 23:42,0.13,1/24/24 23:36,-0.13,,
1/24/24 23:58,0,1/24/24 23:58,0.13,1/24/24 23:41,0.00,,
1/25/24 0:15,0,1/25/24 0:15,0.13,1/24/24 23:53,-0.13,,
1/25/24 0:20,0.13125,1/25/24 0:20,0.00,1/24/24 23:58,0.00,,
1/25/24 0:26,0,1/25/24 0:26,0.13,1/25/24 0:15,0.00,,
1/25/24 0:31,0,1/25/24 0:31,0.00,1/25/24 0:21,0.00,,
1/25/24 0:37,0,1/25/24 0:37,0.13,1/25/24 0:37,0.00,,
1/25/24 0:48,0,1/25/24 0:48,0.00,1/25/24 0:54,0.00,,
1/25/24 0:53,0,1/25/24 0:53,0.13,1/25/24 1:11,0.00,,
1/25/24 1:10,0,1/25/24 1:10,0.13,1/25/24 1:27,0.00,,
1/25/24 1:27,0.13125,1/25/24 1:27,0.13,1/25/24 1:44,0.00,,
1/25/24 1:43,0,1/25/24 1:43,0.13,1/25/24 2:01,0.00,,
1/25/24 2:00,0.13125,1/25/24 2:00,0.13,1/25/24 2:17,0.00,,
1/25/24 2:17,0.13125,1/25/24 2:17,0.13,1/25/24 2:34,0.00,,
1/25/24 2:33,0,1/25/24 2:33,0.13,1/25/24 2:51,0.00,,
1/25/24 2:50,0.13125,1/25/24 2:50,0.13,1/25/24 3:07,0.00,,
1/25/24 3:01,0,1/25/24 3:01,0.13,1/25/24 3:24,0.00,,
1/25/24 3:17,0.13125,1/25/24 3:17,0.13,1/25/24 3:41,0.00,,
1/25/24 3:34,0,1/25/24 3:34,0.13,1/25/24 3:58,0.00,,
1/25/24 3:51,0.13125,1/25/24 3:51,0.13,1/25/24 4:14,0.00,,
1/25/24 4:07,0,1/25/24 4:07,0.13,1/25/24 4:31,0.00,,
1/25/24 4:24,0.13125,1/25/24 4:24,0.13,1/25/24 4:48,0.13,,
1/25/24 4:41,0,1/25/24 4:41,0.13,1/25/24 4:54,0.00,,
1/25/24 4:57,0.13125,1/25/24 4:57,0.13,1/25/24 5:10,0.00,,
1/25/24 5:14,0,1/25/24 5:14,0.13,1/25/24 5:27,0.00,,
1/25/24 5:31,0.13125,1/25/24 5:31,0.13,1/25/24 5:44,0.13,,
1/25/24 5:47,0,1/25/24 5:47,0.13,1/25/24 5:55,0.13,,
1/25/24 6:04,0.13125,1/25/24 6:04,0.13,1/25/24 6:00,0.00,,
1/25/24 6:20,0.13125,1/25/24 6:20,0.13,1/25/24 6:06,0.13,,
1/25/24 6:37,0.13125,1/25/24 6:37,0.13,1/25/24 6:23,0.13,,
1/25/24 6:54,0.13125,1/25/24 6:54,0.13,1/25/24 6:40,0.13,,
1/25/24 7:10,0.13125,1/25/24 7:10,0.13,1/25/24 6:56,0.13,,
1/25/24 7:27,0.13125,1/25/24 7:27,0.13,1/25/24 7:13,0.13,,
1/25/24 7:32,0.13125,1/25/24 7:32,0.13,1/25/24 7:30,0.13,,
1/25/24 7:49,0.13125,1/25/24 7:49,0.13,1/25/24 7:46,0.13,,
1/25/24 8:06,0.13125,1/25/24 8:06,0.13,1/25/24 8:03,0.13,,
1/25/24 8:22,0.13125,1/25/24 8:22,0.13,1/25/24 8:20,0.13,,
1/25/24 8:39,0.13125,1/25/24 8:39,0.13,1/25/24 8:25,0.26,,
1/25/24 8:55,0.13125,1/25/24 8:55,0.13,1/25/24 8:31,0.13,,
1/25/24 9:12,0.13125,1/25/24 9:12,0.13,1/25/24 8:36,0.26,,
1/25/24 9:29,0.13125,1/25/24 9:29,0.26,1/25/24 8:47,0.13,,
1/25/24 9:40,0.13125,1/25/24 9:40,0.13,1/25/24 8:53,0.26,,
1/25/24 9:45,0.13125,1/25/24 9:45,0.26,1/25/24 8:58,0.13,,
1/25/24 10:02,0.13125,1/25/24 10:02,0.26,1/25/24 9:04,0.26,,
1/25/24 10:18,0.13125,1/25/24 10:18,0.26,1/25/24 9:10,0.13,,
1/25/24 10:35,0.13125,1/25/24 10:35,0.26,1/25/24 9:15,0.26,,
1/25/24 10:41,0.13125,1/25/24 10:41,0.26,1/25/24 9:32,0.26,,
1/25/24 10:58,0.13125,1/25/24 10:58,0.26,1/25/24 9:48,0.26,,
1/25/24 11:14,0.13125,1/25/24 11:14,0.26,1/25/24 10:00,0.26,,
1/25/24 11:31,0.13125,1/25/24 11:31,0.26,1/25/24 10:17,0.26,,
1/25/24 11:47,0.2625,1/25/24 11:47,0.26,1/25/24 10:28,0.39,,
1/25/24 12:04,0.13125,1/25/24 12:04,0.26,1/25/24 10:33,0.26,,
1/25/24 12:20,0.13125,1/25/24 12:20,0.26,1/25/24 10:39,0.39,,
1/25/24 12:26,0.13125,1/25/24 12:26,0.39,1/25/24 10:56,0.39,,
1/25/24 12:32,0.13125,1/25/24 12:32,0.26,1/25/24 11:13,0.39,,
1/25/24 12:48,0.13125,1/25/24 12:48,0.26,1/25/24 11:30,0.39,,
1/25/24 13:05,0.13125,1/25/24 13:05,0.26,1/25/24 11:41,0.53,,
1/25/24 13:11,0.13125,1/25/24 13:11,0.39,1/25/24 11:47,0.39,,
1/25/24 13:16,0.13125,1/25/24 13:16,0.39,1/25/24 12:04,0.53,,
1/25/24 13:33,0.13125,1/25/24 13:33,0.39,1/25/24 12:10,0.39,,
1/25/24 13:52,0.13125,1/25/24 13:52,0.39,1/25/24 12:22,0.53,,
1/25/24 14:19,0.13125,1/25/24 14:19,0.39,1/25/24 12:40,0.53,,
1/25/24 14:32,0.13125,1/25/24 14:32,0.39,1/25/24 12:58,0.53,,
1/25/24 14:50,0.13125,1/25/24 14:50,0.39,1/25/24 13:15,0.53,,
1/25/24 14:56,0.13125,1/25/24 14:56,0.26,1/25/24 13:22,0.66,,
1/25/24 15:07,0.13125,1/25/24 15:07,0.39,1/25/24 13:27,0.53,,
1/25/24 15:24,0.13125,1/25/24 15:24,0.39,1/25/24 13:33,0.66,,
1/25/24 15:41,0.13125,1/25/24 15:41,0.39,1/25/24 13:44,0.53,,
1/25/24 15:58,0.13125,1/25/24 15:58,0.53,1/25/24 14:01,0.53,,
1/25/24 16:09,0.13125,1/25/24 16:09,0.39,1/25/24 14:12,0.66,,
1/25/24 16:15,0.13125,1/25/24 16:15,0.53,1/25/24 14:23,0.53,,
1/25/24 16:21,0.13125,1/25/24 16:21,0.39,1/25/24 14:30,0.66,,
1/25/24 16:32,0.13125,1/25/24 16:32,0.53,1/25/24 14:38,0.79,,
1/25/24 16:37,0.13125,1/25/24 16:37,0.39,1/25/24 14:44,0.66,,
1/25/24 16:43,0.2625,1/25/24 16:43,0.53,1/25/24 15:01,0.66,,
1/25/24 16:49,0.13125,1/25/24 16:49,0.53,1/25/24 15:14,0.79,,
1/25/24 16:54,0.2625,1/25/24 16:54,0.39,1/25/24 15:21,0.66,,
1/25/24 17:00,0.13125,1/25/24 17:00,0.39,1/25/24 15:32,0.79,,
1/25/24 17:05,0.13125,1/25/24 17:05,0.53,1/25/24 15:38,0.66,,
1/25/24 17:22,0.2625,1/25/24 17:22,0.53,1/25/24 15:56,0.79,,
1/25/24 17:39,0.2625,1/25/24 17:39,0.53,1/25/24 18:46,0.92,,
1/25/24 17:56,0.2625,1/25/24 17:56,0.53,1/25/24 18:58,1.05,,
1/25/24 18:12,0.2625,1/25/24 18:12,0.53,1/25/24 19:04,0.92,,
1/25/24 18:23,0.2625,1/25/24 18:23,0.66,1/25/24 19:15,1.05,,
1/25/24 18:29,0.2625,1/25/24 18:29,0.53,1/25/24 19:32,1.05,,
1/25/24 18:35,0.2625,1/25/24 18:35,0.66,1/25/24 19:43,1.18,,
1/25/24 18:41,0.2625,1/25/24 18:41,0.53,1/25/24 19:54,1.18,,
1/25/24 18:58,0.2625,1/25/24 18:58,0.66,1/25/24 19:59,1.05,,
1/25/24 19:04,0.2625,1/25/24 19:04,0.53,1/25/24 20:11,1.18,,
1/25/24 19:16,0.2625,1/25/24 19:16,0.66,1/25/24 20:16,1.05,,
1/25/24 20:47,0.2625,1/25/24 20:47,0.79,1/25/24 20:23,1.18,,
1/25/24 21:07,0.2625,1/25/24 21:07,0.79,1/25/24 20:28,1.31,,
1/25/24 21:27,0.2625,1/25/24 21:27,0.79,1/25/24 20:38,1.05,,
1/25/24 21:47,0.2625,1/25/24 21:47,0.79,1/25/24 20:50,1.31,,
1/25/24 21:53,0.2625,1/25/24 21:53,0.92,1/25/24 21:01,1.44,,
1/25/24 21:59,0.2625,1/25/24 21:59,0.79,1/25/24 22:01,1.58,,
1/25/24 22:17,0.39375,1/25/24 22:17,0.92,1/25/24 22:12,1.44,,
1/25/24 22:25,0.2625,1/25/24 22:25,0.79,1/25/24 22:20,1.58,,
1/25/24 22:42,0.39375,1/25/24 22:42,0.92,1/25/24 22:35,1.58,,
1/25/24 23:00,0.2625,1/25/24 23:00,0.92,1/25/24 22:47,1.71,,
1/25/24 23:21,0.39375,1/25/24 23:21,0.92,1/25/24 22:55,1.84,,
1/25/24 23:27,0.39375,1/25/24 23:27,1.05,1/25/24 23:00,1.71,,
1/25/24 23:34,0.2625,1/25/24 23:34,0.92,1/25/24 23:06,1.84,,
1/25/24 23:42,0.39375,1/25/24 23:42,1.05,1/25/24 23:23,1.84,,
1/25/24 23:54,0.39375,1/25/24 23:54,0.92,1/25/24 23:41,1.84,,
1/26/24 0:00,0.39375,1/26/24 0:00,1.05,1/25/24 23:58,1.84,,
1/26/24 0:18,0.39375,1/26/24 0:18,1.05,1/26/24 0:03,1.71,,
1/26/24 0:37,0.39375,1/26/24 0:37,0.92,1/26/24 0:09,1.84,,
1/26/24 0:44,0.39375,1/26/24 0:44,1.05,1/26/24 0:26,1.84,,
1/26/24 1:14,0.39375,1/26/24 1:14,1.18,1/26/24 0:31,1.97,,
1/26/24 1:26,0.39375,1/26/24 1:26,1.05,1/26/24 0:37,1.71,,
1/26/24 1:47,0.525,1/26/24 1:47,1.18,1/26/24 0:42,1.58,,
1/26/24 1:59,0.39375,1/26/24 1:59,1.05,1/26/24 0:48,1.71,,
1/26/24 2:04,0.525,1/26/24 2:04,1.18,1/26/24 1:04,1.97,,
1/26/24 2:17,0.39375,1/26/24 2:17,1.05,1/26/24 1:15,1.84,,
1/26/24 2:22,0.39375,1/26/24 2:22,1.18,1/26/24 1:21,1.71,,
1/26/24 2:28,0.39375,1/26/24 2:28,1.05,1/26/24 1:26,1.97,,
1/26/24 2:34,0.39375,1/26/24 2:34,1.18,1/26/24 1:32,2.10,,
1/26/24 2:50,0.525,1/26/24 2:50,1.18,1/26/24 1:37,1.97,,
1/26/24 3:02,0.525,1/26/24 3:02,1.18,1/26/24 1:48,2.10,,
1/26/24 3:09,0.525,1/26/24 3:09,1.31,1/26/24 2:05,2.10,,
1/26/24 3:21,0.39375,1/26/24 3:21,1.18,1/26/24 2:11,2.23,,
1/26/24 3:33,0.525,1/26/24 3:33,1.31,1/26/24 2:16,2.10,,
1/26/24 3:45,0.525,1/26/24 3:45,1.18,1/26/24 2:22,2.23,,
1/26/24 4:02,0.525,1/26/24 4:02,1.31,1/26/24 2:38,2.23,,
1/26/24 4:19,0.525,1/26/24 4:19,1.44,1/26/24 2:49,2.36,,
1/26/24 4:36,0.525,1/26/24 4:36,1.44,1/26/24 2:55,2.23,,
1/26/24 4:54,0.525,1/26/24 4:54,1.44,1/26/24 3:00,2.36,,
1/26/24 5:10,0.525,1/26/24 5:10,1.44,1/26/24 3:06,2.23,,
1/26/24 5:16,0.525,1/26/24 5:16,1.58,1/26/24 3:17,2.36,,
1/26/24 5:21,0.525,1/26/24 5:21,1.44,1/26/24 3:34,2.36,,
1/26/24 5:33,0.65625,1/26/24 5:33,1.58,1/26/24 3:50,2.36,,
1/26/24 5:39,0.525,1/26/24 5:39,1.44,1/26/24 4:01,2.49,,
1/26/24 5:44,0.525,1/26/24 5:44,1.31,1/26/24 4:18,2.36,,
1/26/24 5:51,0.525,1/26/24 5:51,1.44,1/26/24 4:29,2.49,,
1/26/24 6:02,0.525,1/26/24 6:02,1.31,1/26/24 4:45,2.49,,
1/26/24 6:08,0.65625,1/26/24 6:08,1.44,1/26/24 5:02,2.49,,
1/26/24 6:14,0.525,1/26/24 6:14,1.44,1/26/24 5:18,2.49,,
1/26/24 6:19,0.65625,1/26/24 6:19,1.58,1/26/24 5:29,2.63,,
1/26/24 6:37,0.525,1/26/24 6:37,1.58,1/26/24 5:35,2.49,,
1/26/24 6:54,0.65625,1/26/24 6:54,1.58,1/26/24 5:52,2.63,,
1/26/24 7:11,0.65625,1/26/24 7:11,1.58,1/26/24 6:08,2.63,,
1/26/24 7:28,0.65625,1/26/24 7:28,1.58,1/26/24 6:19,2.76,,
1/26/24 7:45,0.65625,1/26/24 7:45,1.71,1/26/24 6:25,2.63,,
1/26/24 7:57,0.65625,1/26/24 7:57,1.71,1/26/24 6:30,2.76,,
1/26/24 8:14,0.65625,1/26/24 8:14,1.58,1/26/24 6:47,2.76,,
1/26/24 8:20,0.65625,1/26/24 8:20,1.71,1/26/24 6:58,2.89,,
1/26/24 8:38,0.65625,1/26/24 8:38,1.71,1/26/24 7:15,2.89,,
1/26/24 8:43,0.65625,1/26/24 8:43,1.84,1/26/24 7:20,2.76,,
1/26/24 8:49,0.65625,1/26/24 8:49,1.71,1/26/24 7:26,2.89,,
1/26/24 9:06,0.7875,1/26/24 9:06,1.84,1/26/24 7:42,2.89,,
1/26/24 9:13,0.65625,1/26/24 9:13,1.71,1/26/24 7:48,3.02,,
1/26/24 9:19,0.65625,1/26/24 9:19,1.84,1/26/24 8:04,3.02,,
1/26/24 9:36,0.7875,1/26/24 9:36,1.84,1/26/24 8:21,3.02,,
1/26/24 9:55,0.65625,1/26/24 9:55,1.84,1/26/24 8:38,3.02,,
1/26/24 10:00,0.7875,1/26/24 10:00,1.97,1/26/24 8:54,3.15,,
1/26/24 10:06,0.7875,1/26/24 10:06,1.84,1/26/24 9:11,3.15,,
1/26/24 10:12,0.65625,1/26/24 10:12,1.97,1/26/24 9:27,3.15,,
1/26/24 10:17,0.7875,1/26/24 10:17,1.84,1/26/24 9:44,3.28,,
1/26/24 10:23,0.65625,1/26/24 10:23,1.97,1/26/24 9:49,3.15,,
1/26/24 10:39,0.7875,1/26/24 10:39,1.97,1/26/24 10:06,3.28,,
1/26/24 10:56,0.7875,1/26/24 10:56,1.84,1/26/24 10:23,3.28,,
1/26/24 11:01,0.7875,1/26/24 11:01,1.97,1/26/24 10:39,3.28,,
1/26/24 11:18,0.7875,1/26/24 11:18,1.97,1/26/24 10:56,3.28,,
1/26/24 11:30,0.7875,1/26/24 11:30,2.10,1/26/24 11:13,3.28,,
1/26/24 11:35,0.7875,1/26/24 11:35,1.97,1/26/24 11:18,3.41,,
1/26/24 11:46,0.7875,1/26/24 11:46,2.10,1/26/24 11:35,3.41,,
1/26/24 11:52,0.7875,1/26/24 11:52,1.97,1/26/24 11:52,3.41,,
1/26/24 11:58,0.7875,1/26/24 11:58,2.10,1/26/24 12:08,3.41,,
1/26/24 12:03,0.91875,1/26/24 12:03,2.10,1/26/24 12:14,3.54,,
1/26/24 12:20,0.7875,1/26/24 12:20,2.10,1/26/24 12:19,3.41,,
1/26/24 12:25,0.91875,1/26/24 12:25,2.23,1/26/24 12:25,3.54,,
1/26/24 12:31,0.7875,1/26/24 12:31,2.10,1/26/24 12:41,3.54,,
1/26/24 12:36,0.91875,1/26/24 12:36,2.23,1/26/24 12:58,3.54,,
1/26/24 12:42,0.7875,1/26/24 12:42,2.10,1/26/24 13:15,3.54,,
1/26/24 12:47,0.91875,1/26/24 12:47,2.23,1/26/24 13:20,3.68,,
1/26/24 12:53,0.91875,1/26/24 12:53,2.10,1/26/24 13:37,3.68,,
1/26/24 12:58,0.91875,1/26/24 12:58,2.23,1/26/24 13:53,3.54,,
1/26/24 13:04,0.91875,1/26/24 13:04,2.10,1/26/24 13:59,3.68,,
1/26/24 13:10,0.91875,1/26/24 13:10,2.23,1/26/24 14:16,3.68,,
1/26/24 13:26,0.91875,1/26/24 13:26,2.23,1/26/24 14:27,3.81,,
1/26/24 13:43,1.05,1/26/24 13:43,2.23,1/26/24 14:32,3.68,,
1/26/24 13:54,0.91875,1/26/24 13:54,2.23,1/26/24 14:38,3.81,,
1/26/24 14:11,1.05,1/26/24 14:11,2.23,1/26/24 14:43,3.68,,
1/26/24 14:16,0.91875,1/26/24 14:16,2.36,1/26/24 14:54,3.81,,
1/26/24 14:27,1.05,1/26/24 14:27,2.23,1/26/24 15:11,3.81,,
1/26/24 14:33,1.05,1/26/24 14:33,2.36,1/26/24 15:28,3.68,,
1/26/24 14:44,1.18125,1/26/24 14:44,2.23,1/26/24 15:33,3.81,,
1/26/24 14:50,1.18125,1/26/24 14:50,2.36,1/26/24 15:44,3.94,,
1/26/24 15:06,1.3125,1/26/24 15:06,2.36,1/26/24 15:50,3.81,,
1/26/24 15:23,1.18125,1/26/24 15:23,2.36,1/26/24 16:06,3.81,,
1/26/24 15:40,1.18125,1/26/24 15:40,2.36,1/26/24 16:12,3.94,,
1/26/24 15:56,1.3125,1/26/24 15:56,2.36,1/26/24 16:18,3.68,,
1/26/24 16:07,1.18125,1/26/24 16:07,2.49,1/26/24 16:23,3.81,,
1/26/24 16:13,1.18125,1/26/24 16:13,2.36,1/26/24 16:40,3.81,,
1/26/24 16:18,1.3125,1/26/24 16:18,2.49,1/26/24 16:56,3.81,,
1/26/24 16:35,1.3125,1/26/24 16:35,2.49,1/26/24 17:02,3.81,,
1/26/24 16:52,1.3125,1/26/24 16:52,2.49,1/26/24 17:13,3.81,,
1/26/24 17:09,1.18125,1/26/24 17:09,2.49,1/26/24 17:29,3.81,,
1/26/24 17:25,1.18125,1/26/24 17:25,2.49,1/26/24 17:46,3.81,,
1/26/24 17:31,1.18125,1/26/24 17:31,2.49,1/26/24 18:02,3.94,,
1/26/24 17:47,1.18125,1/26/24 17:47,2.49,1/26/24 18:08,3.81,,
1/26/24 17:58,1.44375,1/26/24 17:58,2.63,1/26/24 18:14,3.94,,
1/26/24 18:15,1.44375,1/26/24 18:15,2.63,1/26/24 18:19,3.81,,
1/26/24 18:26,1.3125,1/26/24 18:26,2.63,1/26/24 18:30,3.94,,
1/26/24 18:32,1.3125,1/26/24 18:32,2.63,1/26/24 18:47,3.81,,
1/26/24 18:48,1.18125,1/26/24 18:48,2.63,1/26/24 18:58,3.94,,
1/26/24 19:05,1.3125,1/26/24 19:05,2.63,1/26/24 19:03,3.81,,
1/26/24 19:22,1.3125,1/26/24 19:22,2.63,1/26/24 19:09,3.94,,
1/26/24 19:27,1.44375,1/26/24 19:27,2.63,1/26/24 19:26,3.94,,
1/26/24 19:44,1.3125,1/26/24 19:44,2.63,1/26/24 19:42,3.94,,
1/26/24 19:49,1.3125,1/26/24 19:49,2.76,1/26/24 19:59,3.94,,
1/26/24 19:55,1.44375,1/26/24 19:55,2.63,1/26/24 20:15,3.94,,
1/26/24 20:00,1.44375,1/26/24 20:00,2.76,1/26/24 20:32,3.94,,
1/26/24 20:11,1.575,1/26/24 20:11,2.63,1/26/24 20:49,3.94,,
1/26/24 20:17,1.44375,1/26/24 20:17,2.76,1/26/24 21:05,3.94,,
1/26/24 20:34,1.575,1/26/24 20:34,2.76,1/26/24 21:22,3.94,,
1/26/24 20:39,1.44375,1/26/24 20:39,2.89,1/26/24 21:38,3.94,,
1/26/24 20:45,1.575,1/26/24 20:45,2.76,1/26/24 21:55,3.94,,
1/26/24 20:50,1.44375,1/26/24 20:50,2.89,1/26/24 22:11,3.94,,
1/26/24 21:07,1.575,1/26/24 21:07,2.89,1/26/24 22:28,3.94,,
1/26/24 21:24,1.44375,1/26/24 21:24,2.89,1/26/24 22:45,3.94,,
1/26/24 21:40,1.575,1/26/24 21:40,2.89,1/26/24 23:01,4.07,,
1/26/24 21:57,1.575,1/26/24 21:57,2.89,1/26/24 23:18,3.94,,
1/26/24 22:14,1.70625,1/26/24 22:14,2.89,1/26/24 23:23,4.07,,
1/26/24 22:19,1.44375,1/26/24 22:19,2.76,1/26/24 23:29,3.94,,
1/26/24 22:25,1.575,1/26/24 22:25,2.89,1/26/24 23:34,4.07,,
1/26/24 22:36,1.575,1/26/24 22:36,2.76,1/26/24 23:40,3.94,,
1/26/24 22:41,1.44375,1/26/24 22:41,2.89,1/26/24 23:56,3.94,,
1/26/24 22:53,1.575,1/26/24 22:53,2.76,1/27/24 0:07,4.07,,
1/26/24 22:58,1.70625,1/26/24 22:58,2.89,1/27/24 0:24,4.07,,
1/26/24 23:04,1.575,1/26/24 23:04,2.89,1/27/24 0:35,3.94,,
1/26/24 23:20,1.70625,1/26/24 23:20,2.89,1/27/24 0:41,4.07,,
1/26/24 23:37,1.70625,1/26/24 23:37,2.89,1/27/24 0:57,4.07,,
1/26/24 23:54,1.8375,1/26/24 23:54,3.02,1/27/24 1:14,4.07,,
1/26/24 23:59,1.8375,1/26/24 23:59,2.89,1/27/24 1:31,4.07,,
1/27/24 0:05,1.8375,1/27/24 0:05,3.02,1/27/24 1:47,4.07,,
1/27/24 0:16,1.70625,1/27/24 0:16,3.02,1/27/24 2:04,4.07,,
1/27/24 0:33,1.8375,1/27/24 0:33,3.02,1/27/24 2:20,4.07,,
1/27/24 0:38,1.70625,1/27/24 0:38,2.89,1/27/24 2:37,4.07,,
1/27/24 0:44,1.8375,1/27/24 0:44,3.02,1/27/24 2:53,4.07,,
1/27/24 1:00,1.96875,1/27/24 1:00,3.02,1/27/24 3:10,4.07,,
1/27/24 1:17,1.8375,1/27/24 1:17,3.02,1/27/24 3:27,4.07,,
1/27/24 1:23,1.8375,1/27/24 1:23,3.02,1/27/24 3:43,4.07,,
1/27/24 1:34,1.8375,1/27/24 1:34,3.15,1/27/24 3:49,4.07,,
1/27/24 1:39,1.96875,1/27/24 1:39,3.02,1/27/24 4:00,4.07,,
1/27/24 1:56,1.8375,1/27/24 1:56,3.02,1/27/24 4:05,4.07,,
1/27/24 2:02,1.96875,1/27/24 2:02,3.15,1/27/24 4:11,4.07,,
1/27/24 2:19,1.8375,1/27/24 2:19,3.15,1/27/24 4:22,4.07,,
1/27/24 2:30,1.8375,1/27/24 2:30,3.28,1/27/24 4:27,4.07,,
1/27/24 2:47,1.96875,1/27/24 2:47,3.15,1/27/24 4:33,4.07,,
1/27/24 3:03,1.8375,1/27/24 3:03,3.15,1/27/24 4:49,4.07,,
1/27/24 3:20,1.70625,1/27/24 3:20,3.15,1/27/24 5:00,4.07,,
1/27/24 3:26,1.96875,1/27/24 3:26,3.28,1/27/24 5:11,4.07,,
1/27/24 3:31,1.96875,1/27/24 3:31,3.28,1/27/24 5:17,4.07,,
1/27/24 3:37,2.1,1/27/24 3:37,3.28,1/27/24 5:34,4.07,,
1/27/24 3:48,1.96875,1/27/24 3:48,3.15,1/27/24 5:50,4.07,,
1/27/24 3:54,2.1,1/27/24 3:54,3.41,1/27/24 6:07,4.07,,
1/27/24 4:00,1.96875,1/27/24 4:00,3.28,1/27/24 6:23,4.07,,
1/27/24 4:16,2.1,1/27/24 4:16,3.15,1/27/24 6:40,4.07,,
1/27/24 4:22,1.96875,1/27/24 4:22,3.41,1/27/24 6:57,4.07,,
1/27/24 4:28,2.1,1/27/24 4:28,3.28,1/27/24 7:13,4.07,,
1/27/24 4:34,1.96875,1/27/24 4:34,3.15,1/27/24 7:30,4.07,,
1/27/24 4:40,2.1,1/27/24 4:40,3.28,1/27/24 7:46,4.07,,
1/27/24 4:51,1.96875,1/27/24 4:51,3.41,1/27/24 8:03,4.07,,
1/27/24 5:07,2.1,1/27/24 5:07,3.28,1/27/24 8:20,4.07,,
1/27/24 5:14,2.1,1/27/24 5:14,3.41,1/27/24 8:36,4.07,,
1/27/24 5:31,1.96875,1/27/24 5:31,3.41,1/27/24 8:53,4.07,,
1/27/24 5:37,2.1,1/27/24 5:37,3.54,1/27/24 9:09,4.07,,
1/27/24 5:43,2.1,1/27/24 5:43,3.41,1/27/24 9:26,4.07,,
1/27/24 6:00,1.96875,1/27/24 6:00,3.54,1/27/24 9:43,4.07,,
1/27/24 6:05,2.1,1/27/24 6:05,3.41,1/27/24 9:48,4.20,,
1/27/24 6:22,2.1,1/27/24 6:22,3.54,1/27/24 9:54,4.07,,
1/27/24 6:28,2.1,1/27/24 6:28,3.41,1/27/24 10:10,4.07,,
1/27/24 6:45,2.1,1/27/24 6:45,3.54,1/27/24 10:27,4.07,,
1/27/24 6:56,2.1,1/27/24 6:56,3.41,1/27/24 10:44,4.07,,
1/27/24 7:07,2.1,1/27/24 7:07,3.54,1/27/24 10:49,4.20,,
1/27/24 7:13,1.96875,1/27/24 7:13,3.41,1/27/24 10:55,4.07,,
1/27/24 7:24,2.1,1/27/24 7:24,3.54,1/27/24 11:11,4.20,,
1/27/24 7:35,1.96875,1/27/24 7:35,3.41,1/27/24 11:28,4.07,,
1/27/24 7:46,2.1,1/27/24 7:46,3.68,1/27/24 11:39,4.20,,
1/27/24 7:58,2.1,1/27/24 7:58,3.54,1/27/24 11:50,4.07,,
1/27/24 8:03,2.1,1/27/24 8:03,3.68,1/27/24 11:56,4.20,,
1/27/24 8:09,2.1,1/27/24 8:09,3.54,1/27/24 12:07,4.07,,
1/27/24 8:15,2.1,1/27/24 8:15,3.68,1/27/24 12:23,4.07,,
1/27/24 8:20,2.23125,1/27/24 8:20,3.54,1/27/24 12:40,4.07,,
1/27/24 8:26,2.23125,1/27/24 8:26,3.68,1/27/24 12:51,4.20,,
1/27/24 8:37,2.1,1/27/24 8:37,3.54,1/27/24 13:02,4.07,,
1/27/24 8:48,2.23125,1/27/24 8:48,3.68,1/27/24 13:19,4.20,,
1/27/24 8:54,2.23125,1/27/24 8:54,3.54,1/27/24 13:35,4.20,,
1/27/24 9:11,2.23125,1/27/24 9:11,3.68,1/27/24 13:41,4.07,,
1/27/24 9:22,2.23125,1/27/24 9:22,3.54,1/27/24 13:57,4.07,,
1/27/24 9:28,2.23125,1/27/24 9:28,3.68,1/27/24 14:14,4.20,,
1/27/24 9:39,2.23125,1/27/24 9:39,3.54,1/27/24 14:20,4.07,,
1/27/24 9:50,2.23125,1/27/24 9:50,3.68,1/27/24 14:25,4.20,,
1/27/24 9:55,2.23125,1/27/24 9:55,3.68,1/27/24 14:42,4.20,,
1/27/24 10:12,2.3625,1/27/24 10:12,3.68,1/27/24 14:47,4.07,,
1/27/24 10:18,2.23125,1/27/24 10:18,3.81,1/27/24 15:04,4.07,,
1/27/24 10:23,2.3625,1/27/24 10:23,3.68,1/27/24 15:20,4.07,,
1/27/24 10:29,2.23125,1/27/24 10:29,3.54,1/27/24 15:26,4.20,,
1/27/24 10:35,2.23125,1/27/24 10:35,3.68,1/27/24 15:42,4.07,,
1/27/24 10:40,2.3625,1/27/24 10:40,3.81,1/27/24 15:59,4.20,,
1/27/24 10:46,2.3625,1/27/24 10:46,3.68,1/27/24 16:04,4.07,,
1/27/24 10:51,2.3625,1/27/24 10:51,3.54,1/27/24 16:15,4.20,,
1/27/24 11:03,2.3625,1/27/24 11:03,3.81,1/27/24 16:21,4.07,,
1/27/24 11:08,2.3625,1/27/24 11:08,3.68,1/27/24 16:38,4.07,,
1/27/24 11:19,2.3625,1/27/24 11:19,3.54,1/27/24 16:54,4.07,,
1/27/24 11:25,2.3625,1/27/24 11:25,3.68,1/27/24 17:11,4.07,,
1/27/24 11:31,2.49375,1/27/24 11:31,3.81,1/27/24 17:27,4.07,,
1/27/24 11:36,2.49375,1/27/24 11:36,3.54,1/27/24 17:38,4.20,,
1/27/24 11:47,2.49375,1/27/24 11:47,3.68,1/27/24 17:44,4.07,,
1/27/24 11:53,2.625,1/27/24 11:53,3.81,1/27/24 18:01,4.07,,
1/27/24 11:58,2.3625,1/27/24 11:58,3.68,1/27/24 18:17,4.07,,
1/27/24 12:04,2.49375,1/27/24 12:04,3.54,1/27/24 18:34,4.07,,
1/27/24 12:15,2.49375,1/27/24 12:15,3.68,1/27/24 18:50,4.07,,
1/27/24 12:32,2.49375,1/27/24 12:32,3.68,1/27/24 19:07,4.07,,
1/27/24 12:37,2.49375,1/27/24 12:37,3.54,1/27/24 19:24,4.07,,
1/27/24 12:43,2.49375,1/27/24 12:43,3.81,1/27/24 19:40,4.07,,
1/27/24 12:49,2.625,1/27/24 12:49,3.68,1/27/24 19:57,4.20,,
1/27/24 13:06,2.625,1/27/24 13:06,3.68,1/27/24 20:02,4.07,,
1/27/24 13:12,2.49375,1/27/24 13:12,3.81,1/27/24 20:19,4.07,,
1/27/24 13:17,2.625,1/27/24 13:17,3.68,1/27/24 20:35,4.07,,
1/27/24 13:34,2.625,1/27/24 13:34,3.68,1/27/24 20:52,4.07,,
1/27/24 13:45,2.625,1/27/24 13:45,3.68,1/27/24 21:09,4.07,,
1/27/24 14:02,2.625,1/27/24 14:02,3.68,1/27/24 21:25,4.07,,
1/27/24 14:13,2.625,1/27/24 14:13,3.68,1/27/24 21:42,4.07,,
1/27/24 14:19,2.625,1/27/24 14:19,3.81,1/27/24 21:58,4.07,,
1/27/24 14:30,2.75625,1/27/24 14:30,3.94,1/27/24 22:15,4.07,,
1/27/24 14:35,2.75625,1/27/24 14:35,3.68,1/27/24 22:32,4.07,,
1/27/24 14:52,2.625,1/27/24 14:52,3.81,1/27/24 22:48,4.07,,
1/27/24 15:09,2.75625,1/27/24 15:09,3.81,1/27/24 23:05,4.07,,
1/27/24 15:15,2.75625,1/27/24 15:15,3.68,1/27/24 23:21,4.07,,
1/27/24 15:31,2.75625,1/27/24 15:31,3.81,1/27/24 23:38,4.07,,
1/27/24 15:48,2.75625,1/27/24 15:48,3.68,1/27/24 23:54,4.07,,
1/27/24 16:05,2.75625,1/27/24 16:05,3.68,1/28/24 0:11,4.07,,
1/27/24 16:16,2.8875,1/27/24 16:16,3.81,1/28/24 0:28,4.07,,
1/27/24 16:27,2.75625,1/27/24 16:27,3.68,1/28/24 0:44,4.07,,
1/27/24 16:44,2.75625,1/27/24 16:44,3.68,1/28/24 1:01,4.07,,
1/27/24 16:50,2.75625,1/27/24 16:50,3.81,1/28/24 1:17,4.07,,
1/27/24 17:01,2.8875,1/27/24 17:01,3.68,1/28/24 1:28,4.20,,
1/27/24 17:18,2.8875,1/27/24 17:18,3.68,1/28/24 1:34,4.07,,
1/27/24 17:23,2.8875,1/27/24 17:23,3.81,1/28/24 1:51,4.07,,
1/27/24 17:34,2.8875,1/27/24 17:34,3.94,1/28/24 2:07,4.20,,
1/27/24 17:40,2.8875,1/27/24 17:40,3.94,1/28/24 2:13,4.07,,
1/27/24 17:46,2.8875,1/27/24 17:46,3.94,1/28/24 2:18,4.20,,
1/27/24 17:51,2.8875,1/27/24 17:51,3.81,1/28/24 2:35,4.20,,
1/27/24 18:03,3.01875,1/27/24 18:03,3.68,1/28/24 2:40,4.07,,
1/27/24 18:19,3.01875,1/27/24 18:19,3.81,1/28/24 2:46,4.20,,
1/27/24 18:25,3.01875,1/27/24 18:25,3.94,1/28/24 2:57,4.07,,
1/27/24 18:31,2.8875,1/27/24 18:31,3.81,1/28/24 3:02,4.20,,
1/27/24 18:47,3.01875,1/27/24 18:47,3.81,1/28/24 3:08,4.07,,
1/27/24 18:53,3.01875,1/27/24 18:53,3.68,1/28/24 3:25,4.07,,
1/27/24 18:58,3.01875,1/27/24 18:58,3.81,1/28/24 3:41,4.07,,
1/27/24 19:04,3.01875,1/27/24 19:04,3.94,1/28/24 3:58,4.07,,
1/27/24 19:09,3.01875,1/27/24 19:09,3.81,1/28/24 4:03,4.20,,
1/27/24 19:21,3.01875,1/27/24 19:21,3.81,1/28/24 4:09,4.07,,
1/27/24 19:26,3.01875,1/27/24 19:26,3.94,1/28/24 4:25,4.07,,
1/27/24 19:43,3.15,1/27/24 19:43,3.94,1/28/24 4:42,4.07,,
1/27/24 19:54,3.28125,1/27/24 19:54,3.81,1/28/24 4:47,4.20,,
1/27/24 20:11,3.28125,1/27/24 20:11,3.68,1/28/24 4:53,4.07,,
1/27/24 20:16,3.28125,1/27/24 20:16,3.68,1/28/24 4:58,4.20,,
1/27/24 20:22,3.28125,1/27/24 20:22,3.81,1/28/24 5:15,4.20,,
1/27/24 20:27,3.28125,1/27/24 20:27,3.68,1/28/24 5:26,4.07,,
1/27/24 20:38,3.28125,1/27/24 20:38,3.81,1/28/24 5:37,4.20,,
1/27/24 20:50,3.4125,1/27/24 20:50,3.68,1/28/24 5:43,4.07,,
1/27/24 21:01,3.4125,1/27/24 21:01,3.81,1/28/24 5:48,4.20,,
1/27/24 21:17,3.4125,1/27/24 21:17,3.81,1/28/24 6:05,4.20,,
1/27/24 21:34,3.4125,1/27/24 21:34,3.81,1/28/24 6:21,4.20,,
1/27/24 21:45,3.4125,1/27/24 21:45,3.68,1/28/24 6:38,4.20,,
1/27/24 22:02,3.4125,1/27/24 22:02,3.68,1/28/24 6:55,4.20,,
1/27/24 22:08,3.4125,1/27/24 22:08,3.81,1/28/24 7:11,4.20,,
1/27/24 22:19,3.4125,1/27/24 22:19,3.68,1/28/24 7:28,4.20,,
1/27/24 22:36,3.4125,1/27/24 22:36,3.68,1/28/24 7:44,4.07,,
1/27/24 22:52,3.4125,1/27/24 22:52,3.81,1/28/24 7:50,4.20,,
1/27/24 22:58,3.4125,1/27/24 22:58,3.68,1/28/24 8:07,4.20,,
1/27/24 23:04,3.4125,1/27/24 23:04,3.81,1/28/24 8:23,4.07,,
1/27/24 23:09,3.4125,1/27/24 23:09,3.94,1/28/24 8:29,4.20,,
1/27/24 23:26,3.54375,1/27/24 23:26,3.81,1/28/24 8:45,4.20,,
1/27/24 23:43,3.4125,1/27/24 23:43,3.81,1/28/24 9:02,4.20,,
1/27/24 23:54,3.54375,1/27/24 23:54,3.94,1/28/24 9:18,4.20,,
1/27/24 23:59,3.54375,1/27/24 23:59,3.81,1/28/24 9:35,4.20,,
1/28/24 0:16,3.54375,1/28/24 0:16,3.81,1/28/24 9:52,4.20,,
1/28/24 0:27,3.54375,1/28/24 0:27,3.94,1/28/24 10:08,4.20,,
1/28/24 0:44,3.4125,1/28/24 0:44,3.81,1/28/24 10:25,4.20,,
1/28/24 0:49,3.54375,1/28/24 0:49,3.81,1/28/24 10:41,4.20,,
1/28/24 0:55,3.54375,1/28/24 0:55,3.94,1/28/24 10:58,4.20,,
1/28/24 1:12,3.54375,1/28/24 1:12,3.94,1/28/24 11:14,4.20,,
1/28/24 1:28,3.54375,1/28/24 1:28,3.94,1/28/24 11:31,4.20,,
1/28/24 1:45,3.54375,1/28/24 1:45,3.94,1/28/24 11:48,4.20,,
1/28/24 2:01,3.54375,1/28/24 2:01,3.94,1/28/24 12:04,4.20,,
1/28/24 2:07,3.675,1/28/24 2:07,3.81,1/28/24 12:21,4.20,,
1/28/24 2:24,3.675,1/28/24 2:24,3.81,1/28/24 12:37,4.20,,
1/28/24 2:35,3.675,1/28/24 2:35,3.94,1/28/24 12:54,4.20,,
1/28/24 2:51,3.675,1/28/24 2:51,3.94,1/28/24 13:10,4.20,,
1/28/24 3:08,3.675,1/28/24 3:08,3.81,1/28/24 13:27,4.20,,
1/28/24 3:14,3.675,1/28/24 3:14,3.94,1/28/24 13:44,4.20,,
1/28/24 3:25,3.675,1/28/24 3:25,3.81,1/28/24 14:00,4.20,,
1/28/24 3:42,3.675,1/28/24 3:42,3.81,1/28/24 14:17,4.20,,
1/28/24 3:47,3.675,1/28/24 3:47,3.94,1/28/24 14:33,4.20,,
1/28/24 3:58,3.675,1/28/24 3:58,3.81,1/28/24 14:50,4.20,,
1/28/24 4:09,3.675,1/28/24 4:09,3.94,1/28/24 15:07,4.20,,
1/28/24 4:26,3.675,1/28/24 4:26,3.94,1/28/24 15:23,4.20,,
1/28/24 4:43,3.675,1/28/24 4:43,3.94,1/28/24 15:40,4.20,,
1/28/24 4:59,3.675,1/28/24 4:59,3.94,1/28/24 15:56,4.20,,
1/28/24 5:16,3.675,1/28/24 5:16,4.07,1/28/24 16:13,4.33,,
1/28/24 5:22,3.675,1/28/24 5:22,3.94,1/28/24 16:30,4.33,,
1/28/24 5:38,3.675,1/28/24 5:38,3.94,1/28/24 16:41,4.20,,
1/28/24 5:55,3.675,1/28/24 5:55,3.81,1/28/24 16:46,4.33,,
1/28/24 6:06,3.675,1/28/24 6:06,3.94,1/28/24 16:52,4.20,,
1/28/24 6:12,3.675,1/28/24 6:12,3.81,1/28/24 17:08,4.33,,
1/28/24 6:23,3.675,1/28/24 6:23,3.94,1/28/24 17:25,4.33,,
1/28/24 6:28,3.675,1/28/24 6:28,3.81,1/28/24 17:30,4.20,,
1/28/24 6:34,3.675,1/28/24 6:34,3.94,1/28/24 17:36,4.33,,
1/28/24 6:40,3.675,1/28/24 6:40,3.81,1/28/24 17:41,4.20,,
1/28/24 6:45,3.675,1/28/24 6:45,3.81,1/28/24 17:52,4.33,,
1/28/24 7:02,3.675,1/28/24 7:02,3.81,1/28/24 18:04,4.20,,
1/28/24 7:18,3.675,1/28/24 7:18,3.81,1/28/24 18:09,4.33,,
1/28/24 7:35,3.675,1/28/24 7:35,3.94,1/28/24 18:15,4.20,,
1/28/24 7:41,3.675,1/28/24 7:41,3.81,1/28/24 18:31,4.20,,
1/28/24 7:52,3.675,1/28/24 7:52,3.94,1/28/24 18:48,4.20,,
1/28/24 7:58,3.80625,1/28/24 7:58,3.81,1/28/24 18:59,4.33,,
1/28/24 8:14,3.675,1/28/24 8:14,3.94,1/28/24 19:04,4.20,,
1/28/24 8:20,3.675,1/28/24 8:20,3.81,1/28/24 19:15,4.33,,
1/28/24 8:25,3.675,1/28/24 8:25,3.94,1/28/24 19:32,4.33,,
1/28/24 8:42,3.80625,1/28/24 8:42,3.94,1/28/24 19:49,4.20,,
1/28/24 8:59,3.675,1/28/24 8:59,3.81,1/28/24 19:54,4.33,,
1/28/24 9:15,3.80625,1/28/24 9:15,3.81,1/28/24 20:00,4.20,,
1/28/24 9:32,3.675,1/28/24 9:32,3.81,1/28/24 20:16,4.20,,
1/28/24 9:43,3.80625,1/28/24 9:43,3.94,1/28/24 20:33,4.20,,
1/28/24 9:49,3.675,1/28/24 9:49,3.81,1/28/24 20:49,4.20,,
1/28/24 10:00,3.675,1/28/24 10:00,3.94,1/28/24 21:00,4.33,,
1/28/24 10:05,3.80625,1/28/24 10:05,3.81,1/28/24 21:06,4.20,,
1/28/24 10:17,3.675,1/28/24 10:17,3.94,1/28/24 21:17,4.33,,
1/28/24 10:33,3.80625,1/28/24 10:33,3.94,1/28/24 21:33,4.20,,
1/28/24 10:39,3.675,1/28/24 10:39,4.07,1/28/24 21:44,4.33,,
1/28/24 10:44,3.80625,1/28/24 10:44,3.94,1/28/24 22:01,4.33,,
1/28/24 11:01,3.675,1/28/24 11:01,3.81,1/28/24 22:07,4.20,,
1/28/24 11:18,3.80625,1/28/24 11:18,3.81,1/28/24 22:12,4.33,,
1/28/24 11:35,3.675,1/28/24 11:35,3.81,1/28/24 22:18,4.20,,
1/28/24 11:40,3.80625,1/28/24 11:40,3.94,1/28/24 22:34,4.20,,
1/28/24 11:51,3.675,1/28/24 11:51,4.07,1/28/24 22:40,4.33,,
1/28/24 11:57,3.80625,1/28/24 11:57,3.94,1/28/24 22:45,4.20,,
1/28/24 12:14,3.675,1/28/24 12:14,3.94,1/28/24 23:02,4.20,,
1/28/24 12:25,3.80625,1/28/24 12:25,4.07,1/28/24 23:13,4.33,,
1/28/24 12:42,3.675,1/28/24 12:42,4.07,1/28/24 23:19,4.20,,
1/28/24 12:47,3.675,1/28/24 12:47,3.94,1/28/24 23:35,4.20,,
1/28/24 12:58,3.80625,1/28/24 12:58,3.81,1/28/24 23:52,4.20,,
1/28/24 13:04,3.675,1/28/24 13:04,3.94,1/29/24 0:03,4.33,,
1/28/24 13:10,3.80625,1/28/24 13:10,3.94,1/29/24 0:08,4.20,,
1/28/24 13:26,3.675,1/28/24 13:26,3.81,1/29/24 0:19,4.33,,
1/28/24 13:37,3.80625,1/28/24 13:37,4.07,1/29/24 0:31,4.20,,
1/28/24 13:48,3.675,1/28/24 13:48,3.94,1/29/24 0:47,4.33,,
1/28/24 14:05,3.80625,1/28/24 14:05,3.81,1/29/24 0:58,4.20,,
1/28/24 14:11,3.80625,1/28/24 14:11,3.94,1/29/24 1:15,4.20,,
1/28/24 14:16,3.675,1/28/24 14:16,4.07,1/29/24 1:31,4.20,,
1/28/24 14:22,3.80625,1/28/24 14:22,3.94,1/29/24 1:48,4.20,,
1/28/24 14:39,3.675,1/28/24 14:39,3.94,1/29/24 2:04,4.20,,
1/28/24 14:50,3.80625,1/28/24 14:50,3.81,1/29/24 2:21,4.20,,
1/28/24 15:01,3.675,1/28/24 15:01,3.94,1/29/24 2:38,4.20,,
1/28/24 15:07,3.80625,1/28/24 15:07,3.81,1/29/24 2:54,4.20,,
1/28/24 15:12,3.675,1/28/24 15:12,3.94,1/29/24 3:11,4.20,,
1/28/24 15:23,3.80625,1/28/24 15:23,3.81,1/29/24 3:27,4.20,,
1/28/24 15:40,3.675,1/28/24 15:40,3.94,1/29/24 3:44,4.20,,
1/28/24 15:45,3.80625,1/28/24 15:45,3.81,1/29/24 4:00,4.20,,
1/28/24 16:02,3.675,1/28/24 16:02,3.81,1/29/24 4:17,4.20,,
1/28/24 16:19,3.675,1/28/24 16:19,3.94,1/29/24 4:34,4.20,,
1/28/24 16:25,3.80625,1/28/24 16:25,3.81,1/29/24 4:50,4.20,,
1/28/24 16:30,3.675,1/28/24 16:30,3.94,1/29/24 5:07,4.20,,
1/28/24 16:42,3.80625,1/28/24 16:42,3.94,1/29/24 5:18,4.20,,
1/28/24 16:47,3.675,1/28/24 16:47,3.94,1/29/24 5:35,4.20,,
1/28/24 16:53,3.80625,1/28/24 16:53,3.94,1/29/24 5:51,4.20,,
1/28/24 17:09,3.80625,1/28/24 17:09,3.94,1/29/24 6:08,4.20,,
1/28/24 17:20,3.675,1/28/24 17:20,3.81,1/29/24 6:24,4.20,,
1/28/24 17:32,3.675,1/28/24 17:32,4.07,1/29/24 6:41,4.20,,
1/28/24 17:37,3.80625,1/28/24 17:37,3.94,1/29/24 6:57,4.20,,
1/28/24 17:54,3.675,1/28/24 17:54,3.94,1/29/24 7:14,4.20,,
1/28/24 18:11,3.80625,1/28/24 18:11,3.81,1/29/24 7:31,4.20,,
1/28/24 18:16,3.675,1/28/24 18:16,4.07,1/29/24 7:47,4.20,,
1/28/24 18:27,3.80625,1/28/24 18:27,3.94,1/29/24 8:04,4.33,,
1/28/24 18:38,3.675,1/28/24 18:38,4.07,1/29/24 8:20,4.20,,
1/28/24 18:44,3.80625,1/28/24 18:44,3.94,1/29/24 8:37,4.20,,
1/28/24 19:01,3.675,1/28/24 19:01,4.07,1/29/24 8:48,4.33,,
1/28/24 19:06,3.80625,1/28/24 19:06,3.94,1/29/24 8:59,4.20,,
1/28/24 19:18,3.675,1/28/24 19:18,3.81,1/29/24 9:05,4.33,,
1/28/24 19:29,3.80625,1/28/24 19:29,3.94,1/29/24 9:16,4.20,,
1/28/24 19:45,3.675,1/28/24 19:45,3.94,1/29/24 9:32,4.33,,
1/28/24 19:51,3.80625,1/28/24 19:51,3.94,1/29/24 9:38,4.20,,
1/28/24 20:08,3.80625,1/28/24 20:08,3.94,1/29/24 9:55,4.33,,
1/28/24 20:24,3.80625,1/28/24 20:24,4.07,1/29/24 10:06,4.20,,
1/28/24 20:30,3.675,1/28/24 20:30,3.94,1/29/24 10:22,4.20,,
1/28/24 20:47,3.80625,1/28/24 20:47,3.94,1/29/24 10:33,4.33,,
1/28/24 21:03,3.80625,1/28/24 21:03,3.94,1/29/24 10:50,4.20,,
1/28/24 21:20,3.80625,1/28/24 21:20,3.94,1/29/24 10:56,4.33,,
1/28/24 21:37,3.80625,1/28/24 21:37,3.94,1/29/24 11:01,4.20,,
1/28/24 21:53,3.80625,1/28/24 21:53,3.94,1/29/24 11:18,4.20,,
1/28/24 22:04,3.80625,1/28/24 22:04,3.81,1/29/24 11:29,4.33,,
1/28/24 22:21,3.80625,1/28/24 22:21,3.81,1/29/24 11:34,4.20,,
1/28/24 22:38,3.80625,1/28/24 22:38,3.81,1/29/24 11:40,4.33,,
1/28/24 22:49,3.80625,1/28/24 22:49,3.81,1/29/24 11:56,4.33,,
1/28/24 22:55,3.80625,1/28/24 22:55,3.94,1/29/24 12:02,4.20,,
1/28/24 23:06,3.80625,1/28/24 23:06,3.81,1/29/24 12:08,4.33,,
1/28/24 23:23,3.80625,1/28/24 23:23,3.94,1/29/24 12:19,4.20,,
1/28/24 23:39,3.80625,1/28/24 23:39,3.81,1/29/24 12:24,4.33,,
1/28/24 23:45,3.80625,1/28/24 23:45,3.94,1/29/24 12:30,4.20,,
1/28/24 23:56,3.80625,1/28/24 23:56,3.81,1/29/24 12:46,4.20,,
1/29/24 0:01,3.80625,1/29/24 0:01,3.94,1/29/24 13:03,4.20,,
1/29/24 0:13,3.80625,1/29/24 0:13,3.81,1/29/24 13:20,4.33,,
1/29/24 0:18,3.9375,1/29/24 0:18,3.94,1/29/24 13:25,4.20,,
1/29/24 0:29,3.80625,1/29/24 0:29,3.81,1/29/24 13:31,4.33,,
1/29/24 0:46,3.80625,1/29/24 0:46,3.94,1/29/24 13:42,4.20,,
1/29/24 0:52,3.80625,1/29/24 0:52,4.07,1/29/24 13:53,4.33,,
1/29/24 1:08,3.80625,1/29/24 1:08,4.07,1/29/24 14:10,4.33,,
1/29/24 1:14,3.80625,1/29/24 1:14,4.07,1/29/24 14:26,4.33,,
1/29/24 1:31,3.80625,1/29/24 1:31,4.07,1/29/24 14:32,4.20,,
1/29/24 1:47,3.80625,1/29/24 1:47,4.07,1/29/24 14:43,4.33,,
1/29/24 2:04,3.80625,1/29/24 2:04,4.07,1/29/24 14:59,4.20,,
1/29/24 2:21,3.80625,1/29/24 2:21,4.07,1/29/24 15:16,4.33,,
1/29/24 2:37,3.80625,1/29/24 2:37,4.07,1/29/24 15:22,4.20,,
1/29/24 2:54,3.80625,1/29/24 2:54,4.07,1/29/24 15:27,4.33,,
1/29/24 3:11,3.80625,1/29/24 3:11,4.07,1/29/24 15:44,4.33,,
1/29/24 3:28,3.9375,1/29/24 3:28,4.07,1/29/24 16:01,4.33,,
1/29/24 3:44,3.80625,1/29/24 3:44,4.07,1/29/24 16:17,4.33,,
1/29/24 4:01,3.80625,1/29/24 4:01,4.07,1/29/24 16:28,4.20,,
1/29/24 4:18,3.80625,1/29/24 4:18,4.07,1/29/24 16:39,4.33,,
1/29/24 4:34,3.80625,1/29/24 4:34,4.07,1/29/24 16:56,4.33,,
1/29/24 4:51,3.80625,1/29/24 4:51,4.07,1/29/24 17:07,4.33,,
1/29/24 5:08,3.9375,1/29/24 5:08,4.07,1/29/24 17:13,4.20,,
1/29/24 5:24,3.80625,1/29/24 5:24,4.07,1/29/24 17:18,4.33,,
1/29/24 5:41,3.9375,1/29/24 5:41,4.07,1/29/24 17:24,4.20,,
1/29/24 5:47,3.80625,1/29/24 5:47,3.94,1/29/24 17:29,4.33,,
1/29/24 6:03,3.80625,1/29/24 6:03,3.94,1/29/24 17:35,4.33,,
1/29/24 6:09,3.80625,1/29/24 6:09,4.07,1/29/24 17:46,4.33,,
1/29/24 6:14,3.80625,1/29/24 6:14,3.94,1/29/24 18:02,4.33,,
1/29/24 6:31,3.80625,1/29/24 6:31,3.94,1/29/24 18:08,4.33,,
1/29/24 6:48,3.80625,1/29/24 6:48,3.94,1/29/24 18:14,4.33,,
1/29/24 7:05,3.9375,1/29/24 7:05,3.94,1/29/24 18:30,4.33,,
1/29/24 7:21,3.80625,1/29/24 7:21,3.81,1/29/24 18:47,4.33,,
1/29/24 7:33,3.80625,1/29/24 7:33,3.94,1/29/24 19:03,4.33,,
1/29/24 7:44,3.80625,1/29/24 7:44,3.94,1/29/24 19:20,4.33,,
1/29/24 7:50,3.9375,1/29/24 7:50,4.07,1/29/24 19:26,4.33,,
1/29/24 8:01,3.80625,1/29/24 8:01,3.94,1/29/24 19:31,4.33,,
1/29/24 8:06,3.9375,1/29/24 8:06,4.07,1/29/24 19:48,4.33,,
1/29/24 8:12,3.80625,1/29/24 8:12,3.94,1/29/24 20:04,4.33,,
1/29/24 8:28,3.9375,1/29/24 8:28,3.94,1/29/24 20:21,4.33,,
1/29/24 8:45,3.80625,1/29/24 8:45,3.94,1/29/24 20:38,4.33,,
1/29/24 8:56,3.9375,1/29/24 8:56,4.07,1/29/24 20:54,4.33,,
1/29/24 9:02,3.80625,1/29/24 9:02,3.94,1/29/24 21:11,4.33,,
1/29/24 9:13,3.9375,1/29/24 9:13,3.94,1/29/24 21:27,4.33,,
1/29/24 9:29,3.80625,1/29/24 9:29,3.94,1/29/24 21:44,4.33,,
1/29/24 9:46,3.80625,1/29/24 9:46,3.94,1/29/24 22:00,4.33,,
1/29/24 10:03,3.9375,1/29/24 10:03,3.94,1/29/24 22:17,4.33,,
1/29/24 10:09,3.80625,1/29/24 10:09,3.81,1/29/24 22:34,4.33,,
1/29/24 10:15,3.80625,1/29/24 10:15,3.94,1/29/24 22:50,4.33,,
1/29/24 10:31,3.80625,1/29/24 10:31,4.20,1/29/24 22:56,4.33,,
1/29/24 10:48,3.80625,1/29/24 10:48,4.20,1/29/24 23:01,4.33,,
1/29/24 10:54,3.9375,1/29/24 10:54,3.94,1/29/24 23:18,4.33,,
1/29/24 10:59,3.80625,1/29/24 10:59,3.81,1/29/24 23:34,4.33,,
1/29/24 11:05,3.9375,1/29/24 11:05,3.94,1/29/24 23:40,4.20,,
1/29/24 11:10,3.9375,1/29/24 11:10,4.07,1/29/24 23:51,4.33,,
1/29/24 11:22,3.9375,1/29/24 11:22,4.20,1/30/24 0:07,4.33,,
1/29/24 11:27,3.9375,1/29/24 11:27,4.07,1/30/24 0:24,4.20,,
1/29/24 11:33,3.80625,1/29/24 11:33,3.94,1/30/24 0:30,4.33,,
1/29/24 11:50,3.80625,1/29/24 11:50,3.94,1/30/24 0:46,4.20,,
1/29/24 12:07,3.9375,1/29/24 12:07,3.94,1/30/24 1:03,4.20,,
1/29/24 12:13,3.80625,1/29/24 12:13,4.07,1/30/24 1:08,4.33,,
1/29/24 12:19,3.9375,1/29/24 12:19,4.20,1/30/24 1:14,4.20,,
1/29/24 12:25,3.80625,1/29/24 12:25,4.07,1/30/24 1:30,4.33,,
1/29/24 12:31,3.9375,1/29/24 12:31,3.94,1/30/24 1:36,4.20,,
1/29/24 12:37,3.80625,1/29/24 12:37,4.07,1/30/24 1:53,4.33,,
1/29/24 12:42,3.9375,1/29/24 12:42,3.94,1/30/24 1:58,4.20,,
1/29/24 13:00,3.80625,1/29/24 13:00,3.94,1/30/24 2:15,4.20,,
1/29/24 13:17,3.9375,1/29/24 13:17,3.94,1/30/24 2:20,4.33,,
1/29/24 13:28,3.9375,1/29/24 13:28,4.07,1/30/24 2:26,4.20,,
1/29/24 13:34,3.80625,1/29/24 13:34,3.94,1/30/24 2:37,4.33,,
1/29/24 13:40,3.80625,1/29/24 13:40,4.20,1/30/24 2:48,4.20,,
1/29/24 13:56,3.9375,1/29/24 13:56,4.07,1/30/24 2:59,4.33,,
1/29/24 14:02,3.9375,1/29/24 14:02,3.94,1/30/24 3:10,4.20,,
1/29/24 14:07,3.80625,1/29/24 14:07,4.20,1/30/24 3:15,4.33,,
1/29/24 14:13,3.9375,1/29/24 14:13,4.07,1/30/24 3:32,4.20,,
1/29/24 14:30,3.80625,1/29/24 14:30,3.94,1/30/24 3:37,4.33,,
1/29/24 14:41,3.9375,1/29/24 14:41,3.81,1/30/24 3:48,4.20,,
1/29/24 14:47,3.80625,1/29/24 14:47,3.94,1/30/24 3:54,4.33,,
1/29/24 14:53,3.9375,1/29/24 14:53,3.81,1/30/24 4:05,4.20,,
1/29/24 15:04,3.80625,1/29/24 15:04,3.94,1/30/24 4:10,4.33,,
1/29/24 15:22,3.9375,1/29/24 15:22,3.81,1/30/24 4:27,4.33,,
1/29/24 15:27,3.80625,1/29/24 15:27,3.94,1/30/24 4:44,4.33,,
1/29/24 15:33,3.9375,1/29/24 15:33,4.07,1/30/24 5:00,4.33,,
1/29/24 15:39,3.80625,1/29/24 15:39,3.94,1/30/24 5:17,4.33,,
1/29/24 15:56,3.9375,1/29/24 15:56,3.81,1/30/24 5:28,4.33,,
1/29/24 16:07,3.80625,1/29/24 16:07,3.94,1/30/24 5:34,4.33,,
1/29/24 16:13,3.9375,1/29/24 16:13,3.81,1/30/24 5:50,4.33,,
1/29/24 16:25,3.9375,1/29/24 16:25,3.94,1/30/24 6:07,4.33,,
1/29/24 16:43,3.9375,1/29/24 16:43,3.94,1/30/24 6:23,4.33,,
1/29/24 17:00,3.9375,1/29/24 17:00,3.94,1/30/24 6:40,4.33,,
1/29/24 17:18,3.80625,1/29/24 17:18,4.07,1/30/24 6:56,4.33,,
1/29/24 17:23,3.9375,1/29/24 17:23,4.20,1/30/24 7:13,4.33,,
1/29/24 17:29,3.9375,1/29/24 17:29,4.07,1/30/24 7:30,4.33,,
1/29/24 17:40,3.9375,1/29/24 17:40,3.94,1/30/24 7:46,4.33,,
1/29/24 17:57,3.80625,1/29/24 17:57,4.07,1/30/24 8:03,4.33,,
1/29/24 18:14,3.9375,1/29/24 18:14,4.07,1/30/24 8:19,4.33,,
1/29/24 18:31,3.9375,1/29/24 18:31,4.07,1/30/24 8:30,4.33,,
1/29/24 18:36,3.9375,1/29/24 18:36,3.94,1/30/24 8:47,4.33,,
1/29/24 18:53,3.80625,1/29/24 18:53,3.94,1/30/24 9:04,4.33,,
1/29/24 19:10,3.9375,1/29/24 19:10,3.94,1/30/24 9:20,4.33,,
1/29/24 19:15,3.9375,1/29/24 19:15,4.07,1/30/24 9:37,4.33,,
1/29/24 19:32,3.9375,1/29/24 19:32,4.07,1/30/24 9:53,4.33,,
1/29/24 19:49,3.9375,1/29/24 19:49,4.07,1/30/24 10:10,4.33,,
1/29/24 20:06,3.9375,1/29/24 20:06,3.94,1/30/24 10:16,4.33,,
1/29/24 20:22,3.9375,1/29/24 20:22,3.94,1/30/24 10:21,4.33,,
1/29/24 20:39,3.9375,1/29/24 20:39,4.07,1/30/24 10:32,4.33,,
1/29/24 20:56,3.9375,1/29/24 20:56,4.07,1/30/24 10:49,4.33,,
1/29/24 21:02,3.9375,1/29/24 21:02,3.94,1/30/24 11:05,4.33,,
1/29/24 21:07,3.9375,1/29/24 21:07,4.07,1/30/24 11:22,4.33,,
1/29/24 21:13,3.9375,1/29/24 21:13,3.94,1/30/24 11:39,4.33,,
1/29/24 21:18,3.9375,1/29/24 21:18,4.07,1/30/24 11:44,4.33,,
1/29/24 21:24,3.9375,1/29/24 21:24,3.94,1/30/24 12:01,4.33,,
1/29/24 21:40,3.9375,1/29/24 21:40,3.94,1/30/24 12:17,4.33,,
1/29/24 21:46,3.9375,1/29/24 21:46,4.07,1/30/24 12:34,4.33,,
1/29/24 21:57,3.9375,1/29/24 21:57,3.94,1/30/24 12:51,4.33,,
1/29/24 22:03,3.9375,1/29/24 22:03,4.07,1/30/24 13:07,4.33,,
1/29/24 22:14,,1/29/24 22:14,3.94,1/30/24 13:24,4.33,,
1/29/24 22:31,,1/29/24 22:31,3.94,1/30/24 13:41,4.33,,
1/29/24 22:42,,1/29/24 22:42,4.07,1/30/24 13:57,4.33,,
1/29/24 22:47,,1/29/24 22:47,3.94,1/30/24 14:14,4.33,,
1/29/24 22:53,,1/29/24 22:53,4.07,1/30/24 14:30,4.33,,
1/29/24 23:10,,1/29/24 23:10,3.94,1/30/24 14:47,4.33,,
1/29/24 23:15,,1/29/24 23:15,4.07,1/30/24 15:04,4.33,,
1/29/24 23:32,,1/29/24 23:32,4.07,1/30/24 15:20,4.33,,
1/29/24 23:38,,1/29/24 23:38,3.94,1/30/24 15:37,4.33,,
1/29/24 23:54,,1/29/24 23:54,3.94,1/30/24 15:54,4.33,,
1/30/24 0:06,,1/30/24 0:06,4.07,1/30/24 16:11,4.46,,
1/30/24 0:11,,1/30/24 0:11,3.94,1/30/24 16:16,4.33,,
1/30/24 0:22,,1/30/24 0:22,4.07,1/30/24 16:33,4.33,,
1/30/24 0:28,,1/30/24 0:28,3.94,1/30/24 16:49,4.33,,
1/30/24 0:45,,1/30/24 0:45,4.07,1/30/24 16:55,4.46,,
1/30/24 0:50,,1/30/24 0:50,3.94,1/30/24 17:06,4.33,,
1/30/24 0:56,,1/30/24 0:56,4.07,1/30/24 17:23,4.33,,
1/30/24 1:02,,1/30/24 1:02,3.94,1/30/24 17:39,4.33,,
1/30/24 1:13,,1/30/24 1:13,4.07,1/30/24 17:56,4.33,,
1/30/24 1:18,,1/30/24 1:18,3.94,1/30/24 18:13,4.33,,
1/30/24 1:35,,1/30/24 1:35,3.94,1/30/24 18:24,4.46,,
1/30/24 1:52,,1/30/24 1:52,4.07,1/30/24 18:29,4.33,,
1/30/24 2:03,,1/30/24 2:03,3.94,1/30/24 18:35,4.46,,
1/30/24 2:08,,1/30/24 2:08,4.07,1/30/24 18:51,4.46,,
1/30/24 2:25,,1/30/24 2:25,4.07,1/30/24 18:57,4.33,,
1/30/24 2:42,,1/30/24 2:42,3.94,1/30/24 19:14,4.33,,
1/30/24 2:47,,1/30/24 2:47,4.07,1/30/24 19:30,4.46,,
1/30/24 3:04,,1/30/24 3:04,3.94,1/30/24 19:36,4.33,,
1/30/24 3:10,,1/30/24 3:10,4.07,1/30/24 19:52,4.46,,
1/30/24 3:16,,1/30/24 3:16,3.94,1/30/24 19:58,4.33,,
1/30/24 3:21,,1/30/24 3:21,4.07,1/30/24 20:14,4.33,,
1/30/24 3:27,,1/30/24 3:27,4.20,1/30/24 20:31,4.33,,
1/30/24 3:38,,1/30/24 3:38,4.33,1/30/24 20:48,4.33,,
1/30/24 3:44,,1/30/24 3:44,4.20,1/30/24 21:04,4.33,,
1/30/24 4:01,,1/30/24 4:01,4.20,1/30/24 21:21,4.46,,
1/30/24 4:17,,1/30/24 4:17,4.07,1/30/24 21:26,4.33,,
1/30/24 4:23,,1/30/24 4:23,4.20,1/30/24 21:43,4.33,,
1/30/24 4:40,,1/30/24 4:40,4.20,1/30/24 22:00,4.33,,
1/30/24 4:57,,1/30/24 4:57,4.20,1/30/24 22:05,4.46,,
1/30/24 5:14,,1/30/24 5:14,4.20,1/30/24 22:11,4.33,,
1/30/24 5:31,,1/30/24 5:31,4.20,1/30/24 22:27,4.33,,
1/30/24 5:43,,1/30/24 5:43,4.07,1/30/24 22:44,4.33,,
1/30/24 5:59,,1/30/24 5:59,4.20,1/30/24 23:00,4.33,,
1/30/24 6:05,,1/30/24 6:05,4.07,1/30/24 23:17,4.33,,
1/30/24 6:11,,1/30/24 6:11,4.20,1/30/24 23:34,4.33,,
1/30/24 6:17,,1/30/24 6:17,4.07,1/30/24 23:50,4.33,,
1/30/24 6:22,,1/30/24 6:22,4.20,1/31/24 0:07,4.33,,
1/30/24 6:34,,1/30/24 6:34,4.07,1/31/24 0:23,4.33,,
1/30/24 6:39,,1/30/24 6:39,4.20,1/31/24 0:40,4.33,,
1/30/24 6:45,,1/30/24 6:45,4.07,1/31/24 0:57,4.33,,
1/30/24 6:50,,1/30/24 6:50,4.20,1/31/24 1:13,4.33,,
1/30/24 7:07,,1/30/24 7:07,4.07,1/31/24 1:30,4.33,,
1/30/24 7:24,,1/30/24 7:24,4.07,1/31/24 1:35,4.33,,
1/30/24 7:35,,1/30/24 7:35,4.20,1/31/24 1:52,4.33,,
1/30/24 7:41,,1/30/24 7:41,4.07,1/31/24 2:03,4.46,,
1/30/24 7:46,,1/30/24 7:46,3.94,1/31/24 2:09,4.33,,
1/30/24 7:52,,1/30/24 7:52,4.07,1/31/24 2:14,4.46,,
1/30/24 7:58,,1/30/24 7:58,4.07,1/31/24 2:20,4.33,,
1/30/24 8:15,,1/30/24 8:15,4.07,1/31/24 2:36,4.33,,
1/30/24 8:32,,1/30/24 8:32,4.07,1/31/24 2:53,4.33,,
1/30/24 8:48,,1/30/24 8:48,3.94,1/31/24 3:10,4.33,,
1/30/24 8:54,,1/30/24 8:54,4.07,1/31/24 3:26,4.33,,
1/30/24 9:11,,1/30/24 9:11,4.07,1/31/24 3:43,4.33,,
1/30/24 9:16,,1/30/24 9:16,4.20,1/31/24 3:59,4.33,,
1/30/24 9:33,,1/30/24 9:33,4.20,1/31/24 4:16,4.33,,
1/30/24 9:39,,1/30/24 9:39,4.20,1/31/24 4:32,4.33,,
1/30/24 9:50,,1/30/24 9:50,4.07,1/31/24 4:49,4.33,,
1/30/24 9:56,,1/30/24 9:56,3.94,1/31/24 5:06,4.33,,
1/30/24 10:01,,1/30/24 10:01,4.07,1/31/24 5:22,4.33,,
1/30/24 10:18,,1/30/24 10:18,4.07,1/31/24 5:39,4.33,,
1/30/24 10:24,,1/30/24 10:24,3.94,1/31/24 5:55,4.33,,
1/30/24 10:35,,1/30/24 10:35,4.20,1/31/24 6:12,4.33,,
1/30/24 10:41,,1/30/24 10:41,4.07,1/31/24 6:29,4.33,,
1/30/24 10:58,,1/30/24 10:58,4.07,1/31/24 6:45,4.33,,
1/30/24 11:16,,1/30/24 11:16,4.07,1/31/24 7:02,4.33,,
1/30/24 11:33,,1/30/24 11:33,3.94,1/31/24 7:18,4.33,,
1/30/24 11:39,,1/30/24 11:39,4.07,1/31/24 7:35,4.33,,
1/30/24 11:56,,1/30/24 11:56,4.20,1/31/24 7:51,4.33,,
1/30/24 12:02,,1/30/24 12:02,4.07,1/31/24 7:57,4.46,,
1/30/24 12:19,,1/30/24 12:19,4.07,1/31/24 8:14,4.46,,
1/30/24 12:25,,1/30/24 12:25,4.20,1/31/24 8:30,4.46,,
1/30/24 12:42,,1/30/24 12:42,4.20,1/31/24 8:47,4.46,,
1/30/24 12:59,,1/30/24 12:59,4.20,1/31/24 8:52,4.46,,
1/30/24 13:16,,1/30/24 13:16,4.07,1/31/24 9:09,4.33,,
1/30/24 13:33,,1/30/24 13:33,4.07,1/31/24 9:20,4.46,,
1/30/24 13:50,,1/30/24 13:50,4.07,1/31/24 9:36,4.33,,
1/30/24 13:56,,1/30/24 13:56,4.20,1/31/24 9:42,4.46,,
1/30/24 14:02,,1/30/24 14:02,4.07,1/31/24 9:48,4.33,,
1/30/24 14:08,,1/30/24 14:08,4.20,1/31/24 9:53,4.46,,
1/30/24 14:14,,1/30/24 14:14,4.07,1/31/24 10:10,4.46,,
1/30/24 14:32,,1/30/24 14:32,4.07,1/31/24 10:26,4.46,,
1/30/24 14:49,,1/30/24 14:49,4.07,1/31/24 10:43,4.46,,
1/30/24 15:06,,1/30/24 15:06,4.07,1/31/24 10:59,4.46,,
1/30/24 15:24,,1/30/24 15:24,4.07,1/31/24 11:16,4.46,,
1/30/24 15:41,,1/30/24 15:41,4.20,1/31/24 11:33,4.46,,
1/30/24 15:47,,1/30/24 15:47,4.33,1/31/24 11:50,4.46,,
1/30/24 15:53,,1/30/24 15:53,4.07,1/31/24 12:01,4.46,,
1/30/24 15:58,,1/30/24 15:58,4.20,1/31/24 12:12,4.46,,
1/30/24 16:04,,1/30/24 16:04,4.07,1/31/24 12:23,4.46,,
1/30/24 16:21,,1/30/24 16:21,4.07,1/31/24 12:34,4.46,,
1/30/24 16:27,,1/30/24 16:27,4.20,1/31/24 12:39,4.46,,
1/30/24 16:32,,1/30/24 16:32,4.07,1/31/24 12:56,4.46,,
1/30/24 16:50,,1/30/24 16:50,4.07,1/31/24 13:13,4.46,,
1/30/24 16:56,,1/30/24 16:56,4.20,,,,
1/30/24 17:02,,1/30/24 17:02,4.07,,,,
1/30/24 17:13,,1/30/24 17:13,3.94,,,,
1/30/24 17:19,,1/30/24 17:19,4.07,,,,
1/30/24 17:36,,1/30/24 17:36,4.20,,,,
1/30/24 17:53,,1/30/24 17:53,4.20,,,,
1/30/24 18:05,,1/30/24 18:05,4.07,,,,
1/30/24 18:23,,1/30/24 18:23,4.07,,,,
1/30/24 18:34,,1/30/24 18:34,4.20,,,,
1/30/24 18:45,,1/30/24 18:45,4.07,,,,
1/30/24 19:03,,1/30/24 19:03,4.07,,,,
1/30/24 19:14,,1/30/24 19:14,4.20,,,,
1/30/24 19:20,,1/30/24 19:20,4.07,,,,
1/30/24 19:37,,1/30/24 19:37,4.20,,,,
1/30/24 19:43,,1/30/24 19:43,4.07,,,,
1/30/24 20:01,,1/30/24 20:01,4.07,,,,
1/30/24 20:12,,1/30/24 20:12,4.20,,,,
1/30/24 20:28,,1/30/24 20:28,4.20,,,,
1/30/24 20:34,,1/30/24 20:34,4.07,,,,
1/30/24 20:40,,1/30/24 20:40,4.20,,,,
1/30/24 20:51,,1/30/24 20:51,4.07,,,,
1/30/24 21:08,,1/30/24 21:08,4.07,,,,
1/30/24 21:25,,1/30/24 21:25,4.20,,,,
1/30/24 21:31,,1/30/24 21:31,4.07,,,,
1/30/24 21:42,,1/30/24 21:42,4.20,,,,
1/30/24 21:59,,1/30/24 21:59,4.33,,,,
1/30/24 22:05,,1/30/24 22:05,4.07,,,,
1/30/24 22:22,,1/30/24 22:22,4.07,,,,
1/30/24 22:28,,1/30/24 22:28,4.20,,,,
1/30/24 22:39,,1/30/24 22:39,4.07,,,,
1/30/24 22:56,,1/30/24 22:56,4.07,,,,
1/30/24 23:13,,1/30/24 23:13,4.07,,,,
1/30/24 23:31,,1/30/24 23:31,4.07,,,,
1/30/24 23:48,,1/30/24 23:48,4.07,,,,
1/30/24 23:59,,1/30/24 23:59,4.20,,,,
1/31/24 0:16,,1/31/24 0:16,4.20,,,,
1/31/24 0:33,,1/31/24 0:33,4.20,,,,
1/31/24 0:50,,1/31/24 0:50,4.20,,,,
1/31/24 1:07,,1/31/24 1:07,4.20,,,,
1/31/24 1:24,,1/31/24 1:24,4.20,,,,
1/31/24 1:42,,1/31/24 1:42,4.20,,,,
1/31/24 1:59,,1/31/24 1:59,4.20,,,,
1/31/24 2:16,,1/31/24 2:16,4.20,,,,
1/31/24 2:33,,1/31/24 2:33,4.20,,,,
1/31/24 2:45,,1/31/24 2:45,4.20,,,,
1/31/24 3:01,,1/31/24 3:01,4.20,,,,
1/31/24 3:18,,1/31/24 3:18,4.20,,,,
1/31/24 3:35,,1/31/24 3:35,4.07,,,,
1/31/24 3:53,,1/31/24 3:53,4.07,,,,
1/31/24 4:10,,1/31/24 4:10,4.20,,,,
1/31/24 4:16,,1/31/24 4:16,4.07,,,,
1/31/24 4:21,,1/31/24 4:21,4.20,,,,
1/31/24 4:40,,1/31/24 4:40,4.20,,,,
1/31/24 4:56,,1/31/24 4:56,4.20,,,,
1/31/24 5:13,,1/31/24 5:13,4.07,,,,
1/31/24 5:19,,1/31/24 5:19,4.20,,,,
1/31/24 5:25,,1/31/24 5:25,4.07,,,,
1/31/24 5:30,,1/31/24 5:30,4.20,,,,
1/31/24 5:47,,1/31/24 5:47,4.20,,,,
1/31/24 6:04,,1/31/24 6:04,4.20,,,,
1/31/24 6:10,,1/31/24 6:10,4.07,,,,
1/31/24 6:15,,1/31/24 6:15,4.20,,,,
1/31/24 6:33,,1/31/24 6:33,4.20,,,,
1/31/24 6:50,,1/31/24 6:50,4.20,,,,
1/31/24 7:07,,1/31/24 7:07,4.20,,,,
1/31/24 7:24,,1/31/24 7:24,4.20,,,,
1/31/24 7:41,,1/31/24 7:41,4.20,,,,
1/31/24 7:52,,1/31/24 7:52,4.07,,,,
1/31/24 8:04,,1/31/24 8:04,4.20,,,,
1/31/24 8:21,,1/31/24 8:21,4.20,,,,
1/31/24 8:27,,1/31/24 8:27,4.07,,,,
1/31/24 8:43,,1/31/24 8:43,4.07,,,,
1/31/24 9:01,,1/31/24 9:01,4.07,,,,
1/31/24 9:12,,1/31/24 9:12,4.20,,,,
1/31/24 9:29,,1/31/24 9:29,4.20,,,,
1/31/24 9:34,,1/31/24 9:34,4.07,,,,
1/31/24 9:46,,1/31/24 9:46,3.94,,,,
1/31/24 9:51,,1/31/24 9:51,4.07,,,,
1/31/24 10:09,,1/31/24 10:09,4.07,,,,
1/31/24 10:26,,1/31/24 10:26,4.20,,,,
1/31/24 10:43,,1/31/24 10:43,4.20,,,,
1/31/24 10:49,,1/31/24 10:49,4.07,,,,
1/31/24 11:06,,1/31/24 11:06,4.07,,,,
1/31/24 11:11,,1/31/24 11:11,4.20,,,,
1/31/24 11:17,,1/31/24 11:17,4.07,,,,
1/31/24 11:23,,1/31/24 11:23,3.94,,,,
1/31/24 11:29,,1/31/24 11:29,4.07,,,,
1/31/24 11:46,,1/31/24 11:46,4.07,,,,
1/31/24 12:05,,1/31/24 12:05,3.94,,,,
1/31/24 12:11,,1/31/24 12:11,4.20,,,,
1/31/24 12:17,,1/31/24 12:17,4.07,,,,
1/31/24 12:34,,1/31/24 12:34,4.07,,,,
1/31/24 12:51,,1/31/24 12:51,4.20,,,,
1/31/24 13:03,,1/31/24 13:03,4.33,,,,