Time,60 F,65 F,70 F,Time,68 F
0.00,0,0.00,0.00,0,0
0.00,0,0.13,-0.13,0,0
0.00,0,0.00,-0.13,0,0.13125
0.00,0.13125,0.66,-0.13,0,0
0.00,0,0.53,-0.13,0,0
0.00,0,0.00,-0.13,0,0
0.00,0,0.00,-0.13,1,0
0.00,0,0.13,-0.13,1,0
1.00,0,0.00,-0.13,1,0
1.00,0,0.13,-0.13,1,0
1.00,0,0.13,-0.13,2,0
1.00,0,0.13,-0.13,2,0
1.00,0,0.00,-0.13,2,0
1.00,0,0.13,-0.13,2,0
2.00,0,0.13,-0.13,2,0
2.00,0,0.13,-0.13,3,0
2.00,0,0.13,-0.13,3,0
2.00,0,0.13,-0.13,3,0
2.00,0,0.00,-0.13,3,0
2.00,0,0.13,-0.13,4,0
3.00,0,0.00,-0.13,4,0
3.00,0,0.13,-0.13,4,0
3.00,0,0.00,-0.13,4,0
3.00,0,0.13,-0.13,4,0
3.00,0,0.13,-0.13,4,0
3.00,0,0.00,-0.13,4,0
3.00,0,0.13,-0.13,5,0
4.00,0,0.00,-0.13,5,0
4.00,0,0.13,-0.13,5,0
4.00,0,0.00,-0.13,5,0
4.00,0,0.13,0.00,6,0
4.00,0,0.13,-0.13,6,0
4.00,0,0.00,0.00,6,0
4.00,0,0.13,-0.13,6,0
5.00,0,0.00,0.00,6,0
5.00,0,0.00,-0.13,7,0.13125
5.00,0,0.13,-0.13,7,0
5.00,0,0.13,0.00,7,0
5.00,0,0.13,-0.13,7,0.13125
6.00,0,0.00,0.00,8,0.13125
6.00,0.13125,0.13,-0.13,8,0.13125
6.00,0,0.13,0.00,8,0
6.00,0,0.13,-0.13,8,0.13125
7.00,0,0.13,0.00,9,0
7.00,0,0.13,-0.13,9,0.13125
7.00,0.13125,0.00,0.00,9,0.13125
7.00,0,0.13,0.00,9,0.13125
7.00,0,0.00,0.00,9,0.13125
7.00,0,0.13,0.00,10,0.13125
8.00,0,0.00,0.00,10,0.13125
8.00,0,0.13,0.00,10,0.13125
8.00,0,0.13,0.00,10,0.13125
8.00,0.13125,0.13,0.00,11,0.13125
9.00,0,0.13,0.00,11,0.13125
9.00,0.13125,0.13,0.00,11,0.13125
9.00,0.13125,0.13,0.00,11,0.13125
9.00,0,0.13,0.00,12,0.13125
10.00,0.13125,0.13,0.00,12,0.13125
10.00,0,0.13,0.00,12,0.13125
10.00,0.13125,0.13,0.00,12,0.13125
10.00,0,0.13,0.00,13,0.13125
11.00,0.13125,0.13,0.00,13,0.13125
11.00,0,0.13,0.00,13,0.13125
11.00,0.13125,0.13,0.13,13,0.13125
11.00,0,0.13,0.00,13,0.13125
12.00,0.13125,0.13,0.00,13,0.13125
12.00,0,0.13,0.00,14,0.13125
12.00,0.13125,0.13,0.13,14,0.13125
13.00,0,0.13,0.13,14,0.2625
13.00,0.13125,0.13,0.00,14,0.2625
13.00,0.13125,0.13,0.13,15,0.2625
13.00,0.13125,0.13,0.13,15,0.2625
14.00,0.13125,0.13,0.13,15,0.2625
14.00,0.13125,0.13,0.13,15,0.2625
14.00,0.13125,0.13,0.13,16,0.39375
14.00,0.13125,0.13,0.13,16,0.39375
15.00,0.13125,0.13,0.13,16,0.65625
15.00,0.13125,0.13,0.13,17,0.65625
15.00,0.13125,0.13,0.13,17,0.65625
15.00,0.13125,0.13,0.26,17,0.65625
16.00,0.13125,0.13,0.13,17,0.65625
16.00,0.13125,0.13,0.26,18,0.65625
16.00,0.13125,0.26,0.13,18,0.65625
16.00,0.13125,0.13,0.26,18,0.7875
17.00,0.13125,0.26,0.13,18,0.65625
17.00,0.13125,0.26,0.26,19,0.7875
17.00,0.13125,0.26,0.13,19,0.65625
17.00,0.13125,0.26,0.26,19,0.65625
17.00,0.13125,0.26,0.26,19,0.65625
18.00,0.13125,0.26,0.26,20,0.65625
18.00,0.13125,0.26,0.26,20,0.65625
18.00,0.13125,0.26,0.26,20,0.7875
19.00,0.2625,0.26,0.39,21,0.7875
19.00,0.13125,0.26,0.26,21,0.7875
19.00,0.13125,0.26,0.39,21,1.05
19.00,0.13125,0.39,0.39,21,1.05
19.00,0.13125,0.26,0.39,22,1.05
20.00,0.13125,0.26,0.39,22,1.05
20.00,0.13125,0.26,0.53,22,1.05
20.00,0.13125,0.39,0.39,22,1.18125
20.00,0.13125,0.39,0.53,23,1.05
20.00,0.13125,0.39,0.39,23,1.18125
21.00,0.13125,0.39,0.53,23,1.05
21.00,0.13125,0.39,0.53,24,1.18125
21.00,0.13125,0.39,0.53,24,1.05
22.00,0.13125,0.39,0.53,24,1.18125
22.00,0.13125,0.26,0.66,24,1.05
22.00,0.13125,0.39,0.53,24,1.18125
22.00,0.13125,0.39,0.66,25,1.18125
22.00,0.13125,0.39,0.53,25,1.05
23.00,0.13125,0.53,0.53,25,1.3125
23.00,0.13125,0.39,0.66,26,1.18125
23.00,0.13125,0.53,0.53,26,1.3125
23.00,0.13125,0.39,0.66,26,1.44375
23.00,0.13125,0.53,0.79,26,1.3125
23.00,0.13125,0.39,0.66,26,1.44375
24.00,0.2625,0.53,0.66,27,1.3125
24.00,0.13125,0.53,0.79,27,1.44375
24.00,0.2625,0.39,0.66,27,1.3125
24.00,0.13125,0.39,0.79,27,1.44375
24.00,0.13125,0.53,0.66,27,1.44375
24.00,0.2625,0.53,0.79,28,1.44375
24.00,0.2625,0.53,0.92,28,1.44375
25.00,0.2625,0.53,1.05,28,1.44375
25.00,0.2625,0.53,0.92,28,1.44375
25.00,0.2625,0.66,1.05,29,1.44375
25.00,0.2625,0.53,1.05,29,1.44375
25.00,0.2625,0.66,1.18,29,1.575
25.00,0.2625,0.53,1.18,29,1.44375
26.00,0.2625,0.66,1.05,30,1.575
26.00,0.2625,0.53,1.18,30,1.44375
26.00,0.2625,0.66,1.05,30,1.575
28.00,0.2625,0.79,1.18,30,1.44375
28.00,0.2625,0.79,1.31,31,1.70625
28.00,0.2625,0.79,1.05,31,1.70625
29.00,0.2625,0.79,1.31,31,1.70625
29.00,0.2625,0.92,1.44,31,1.8375
29.00,0.2625,0.79,1.58,32,1.8375
29.00,0.39375,0.92,1.44,32,1.96875
29.00,0.2625,0.79,1.58,32,1.8375
29.00,0.39375,0.92,1.58,32,1.96875
30.00,0.2625,0.92,1.71,32,1.96875
30.00,0.39375,0.92,1.84,33,1.8375
30.00,0.39375,1.05,1.71,33,1.8375
30.00,0.2625,0.92,1.84,33,1.8375
30.00,0.39375,1.05,1.84,34,1.96875
31.00,0.39375,0.92,1.84,34,1.8375
31.00,0.39375,1.05,1.84,34,1.96875
31.00,0.39375,1.05,1.71,34,1.8375
31.00,0.39375,0.92,1.84,35,1.96875
32.00,0.39375,1.05,1.84,35,2.1
32.00,0.39375,1.18,1.97,35,1.96875
32.00,0.39375,1.05,1.71,35,2.1
33.00,0.525,1.18,1.58,35,2.23125
33.00,0.39375,1.05,1.71,35,1.575
33.00,0.525,1.18,1.97,35,2.1
33.00,0.39375,1.05,1.84,35,1.96875
33.00,0.39375,1.18,1.71,36,2.49375
33.00,0.39375,1.05,1.97,36,2.625
33.00,0.39375,1.18,2.10,36,2.625
34.00,0.525,1.18,1.97,36,2.75625
34.00,0.525,1.18,2.10,36,2.8875
34.00,0.525,1.31,2.10,36,2.75625
34.00,0.39375,1.18,2.23,37,2.8875
34.00,0.525,1.31,2.10,37,2.8875
35.00,0.525,1.18,2.23,37,3.01875
35.00,0.525,1.31,2.23,37,3.15
35.00,0.525,1.44,2.36,37,3.15
35.00,0.525,1.44,2.23,38,3.54375
36.00,0.525,1.44,2.36,38,3.9375
36.00,0.525,1.44,2.23,38,3.9375
36.00,0.525,1.58,2.36,38,4.06875
36.00,0.525,1.44,2.36,38,4.06875
36.00,0.65625,1.58,2.36,38,4.06875
36.00,0.525,1.44,2.49,38,4.06875
37.00,0.525,1.31,2.36,39,4.06875
37.00,0.525,1.44,2.49,39,4.06875
37.00,0.525,1.31,2.49,39,4.06875
37.00,0.65625,1.44,2.49,39,4.06875
37.00,0.525,1.44,2.49,39,4.06875
37.00,0.65625,1.58,2.63,39,4.06875
37.00,0.525,1.58,2.49,40,4.06875
38.00,0.65625,1.58,2.63,40,4.06875
38.00,0.65625,1.58,2.63,40,4.06875
38.00,0.65625,1.58,2.76,40,4.2
39.00,0.65625,1.71,2.63,40,4.2
39.00,0.65625,1.71,2.76,41,4.2
39.00,0.65625,1.58,2.76,42,4.2
39.00,0.65625,1.71,2.89,42,4.2
39.00,0.65625,1.71,2.89,42,4.2
40.00,0.65625,1.84,2.76,42,4.2
40.00,0.65625,1.71,2.89,43,4.2
40.00,0.7875,1.84,2.89,43,4.2
40.00,0.65625,1.71,3.02,44,4.2
40.00,0.65625,1.84,3.02,45,4.2
40.00,0.7875,1.84,3.02,45,4.2
41.00,0.65625,1.84,3.02,46,4.2
41.00,0.7875,1.97,3.15,46,4.2
41.00,0.7875,1.84,3.15,46,4.2
41.00,0.65625,1.97,3.15,46,4.2
41.00,0.7875,1.84,3.28,46,4.2
41.00,0.65625,1.97,3.15,47,4.2
41.00,0.7875,1.97,3.28,47,4.2
42.00,0.7875,1.84,3.28,47,4.2
42.00,0.7875,1.97,3.28,47,4.2
42.00,0.7875,1.97,3.28,47,4.2
42.00,0.7875,2.10,3.28,47,4.33125
42.00,0.7875,1.97,3.41,47,4.2
43.00,0.7875,2.10,3.41,47,4.2
43.00,0.7875,1.97,3.41,47,4.2
43.00,0.7875,2.10,3.41,47,4.2
43.00,0.91875,2.10,3.54,48,4.2
43.00,0.7875,2.10,3.41,48,4.2
43.00,0.91875,2.23,3.54,48,4.2
43.00,0.7875,2.10,3.54,48,4.2
43.00,0.91875,2.23,3.54,48,4.2
43.00,0.7875,2.10,3.54,48,4.2
44.00,0.91875,2.23,3.68,48,4.2
44.00,0.91875,2.10,3.68,48,4.2
44.00,0.91875,2.23,3.54,48,4.33125
44.00,0.91875,2.10,3.68,48,4.2
44.00,0.91875,2.23,3.68,49,4.33125
44.00,0.91875,2.23,3.81,49,4.2
44.00,1.05,2.23,3.68,49,4.33125
45.00,0.91875,2.23,3.81,49,4.33125
45.00,1.05,2.23,3.68,49,4.33125
45.00,0.91875,2.36,3.81,49,4.33125
45.00,1.05,2.23,3.81,49,4.2
45.00,1.05,2.36,3.68,49,4.33125
46.00,1.18125,2.23,3.81,49,4.2
46.00,1.18125,2.36,3.94,49,4.33125
46.00,1.3125,2.36,3.81,50,4.33125
46.00,1.18125,2.36,3.81,50,4.33125
46.00,1.18125,2.36,3.94,50,4.33125
47.00,1.3125,2.36,3.68,50,4.33125
47.00,1.18125,2.49,3.81,50,4.33125
47.00,1.18125,2.36,3.81,50,4.33125
47.00,1.3125,2.49,3.81,50,4.2
47.00,1.3125,2.49,3.81,51,4.33125
48.00,1.3125,2.49,3.81,51,4.2
48.00,1.18125,2.49,3.81,51,4.33125
48.00,1.18125,2.49,3.81,51,4.33125
48.00,1.18125,2.49,3.94,51,4.33125
49.00,1.18125,2.49,3.81,51,4.33125
49.00,1.44375,2.63,3.94,51,4.33125
49.00,1.44375,2.63,3.81,51,4.33125
49.00,1.3125,2.63,3.94,51,4.33125
49.00,1.3125,2.63,3.81,52,4.33125
50.00,1.18125,2.63,3.94,52,4.33125
50.00,1.3125,2.63,3.81,52,4.33125
50.00,1.3125,2.63,3.94,52,4.33125
50.00,1.44375,2.63,3.94,52,4.33125
51.00,1.3125,2.63,3.94,52,4.33125
51.00,1.3125,2.76,3.94,52,4.2
51.00,1.44375,2.63,3.94,52,4.33125
51.00,1.44375,2.76,3.94,53,4.33125
51.00,1.575,2.63,3.94,53,4.33125
51.00,1.44375,2.76,3.94,53,4.33125
51.00,1.575,2.76,3.94,53,4.33125
51.00,1.44375,2.89,3.94,53,4.33125
52.00,1.575,2.76,3.94,53,4.33125
52.00,1.44375,2.89,3.94,53,4.33125
52.00,1.575,2.89,3.94,53,4.33125
52.00,1.44375,2.89,3.94,53,4.33125
52.00,1.575,2.89,4.07,53,4.33125
53.00,1.575,2.89,3.94,54,4.33125
53.00,1.70625,2.89,4.07,54,4.33125
53.00,1.44375,2.76,3.94,54,4.33125
53.00,1.575,2.89,4.07,54,4.33125
53.00,1.575,2.76,3.94,54,4.2
53.00,1.44375,2.89,3.94,54,4.2
54.00,1.575,2.76,4.07,55,4.33125
54.00,1.70625,2.89,4.07,55,4.2
54.00,1.575,2.89,3.94,55,4.33125
54.00,1.70625,2.89,4.07,55,4.33125
54.00,1.70625,2.89,4.07,55,4.33125
55.00,1.8375,3.02,4.07,55,4.33125
55.00,1.8375,2.89,4.07,55,4.33125
55.00,1.8375,3.02,4.07,55,4.33125
55.00,1.70625,3.02,4.07,55,4.33125
55.00,1.8375,3.02,4.07,56,4.33125
55.00,1.70625,2.89,4.07,56,4.33125
56.00,1.8375,3.02,4.07,56,4.33125
56.00,1.96875,3.02,4.07,56,4.33125
56.00,1.8375,3.02,4.07,56,4.33125
56.00,1.8375,3.02,4.07,56,4.33125
56.00,1.8375,3.15,4.07,57,4.33125
56.00,1.96875,3.02,4.07,57,4.33125
57.00,1.8375,3.02,4.07,57,4.33125
57.00,1.96875,3.15,4.07,57,4.33125
57.00,1.8375,3.15,4.07,57,4.33125
57.00,1.8375,3.28,4.07,57,4.33125
58.00,1.96875,3.15,4.07,57,4.33125
58.00,1.8375,3.15,4.07,58,4.33125
58.00,1.70625,3.15,4.07,58,4.33125
58.00,1.96875,3.28,4.07,58,4.33125
58.00,1.96875,3.28,4.07,58,4.33125
58.00,2.1,3.28,4.07,58,4.33125
59.00,1.96875,3.15,4.07,58,4.33125
59.00,2.1,3.41,4.07,58,4.33125
59.00,1.96875,3.28,4.07,59,4.33125
59.00,2.1,3.15,4.07,59,4.33125
59.00,1.96875,3.41,4.07,59,4.33125
59.00,2.1,3.28,4.07,59,4.33125
59.00,1.96875,3.15,4.07,59,4.33125
59.00,2.1,3.28,4.07,59,4.33125
60.00,1.96875,3.41,4.07,59,4.33125
60.00,2.1,3.28,4.07,59,4.33125
60.00,2.1,3.41,4.07,59,4.33125
60.00,1.96875,3.41,4.07,60,4.33125
60.00,2.1,3.54,4.07,60,4.33125
61.00,2.1,3.41,4.07,60,4.33125
61.00,1.96875,3.54,4.07,60,4.33125
61.00,2.1,3.41,4.20,60,4.33125
61.00,2.1,3.54,4.07,60,4.33125
61.00,2.1,3.41,4.07,60,4.33125
62.00,2.1,3.54,4.07,60,4.33125
62.00,2.1,3.41,4.07,60,4.33125
62.00,2.1,3.54,4.20,61,4.33125
62.00,1.96875,3.41,4.07,61,4.33125
62.00,2.1,3.54,4.20,61,4.33125
62.00,1.96875,3.41,4.07,61,4.33125
63.00,2.1,3.68,4.20,61,4.33125
63.00,2.1,3.54,4.07,61,4.33125
63.00,2.1,3.68,4.20,61,4.33125
63.00,2.1,3.54,4.07,61,4.33125
63.00,2.1,3.68,4.07,61,4.33125
63.00,2.23125,3.54,4.07,61,4.33125
63.00,2.23125,3.68,4.20,61,4.33125
63.00,2.1,3.54,4.07,62,4.33125
64.00,2.23125,3.68,4.20,62,4.33125
64.00,2.23125,3.54,4.20,62,4.33125
64.00,2.23125,3.68,4.07,62,4.33125
64.00,2.23125,3.54,4.07,62,4.33125
64.00,2.23125,3.68,4.20,62,4.33125
64.00,2.23125,3.54,4.07,62,4.33125
65.00,2.23125,3.68,4.20,62,4.33125
65.00,2.23125,3.68,4.20,62,4.33125
65.00,2.3625,3.68,4.07,62,4.33125
65.00,2.23125,3.81,4.07,63,4.33125
65.00,2.3625,3.68,4.07,63,4.33125
65.00,2.23125,3.54,4.20,63,4.33125
65.00,2.23125,3.68,4.07,63,4.33125
65.00,2.3625,3.81,4.20,63,4.33125
66.00,2.3625,3.68,4.07,63,4.4625
66.00,2.3625,3.54,4.20,63,4.33125
66.00,2.3625,3.81,4.07,63,4.33125
66.00,2.3625,3.68,4.07,63,4.33125
66.00,2.3625,3.54,4.07,63,4.33125
66.00,2.3625,3.68,4.07,64,4.33125
66.00,2.49375,3.81,4.07,64,4.4625
66.00,2.49375,3.54,4.20,64,4.33125
67.00,2.49375,3.68,4.07,64,4.33125
67.00,2.625,3.81,4.07,64,4.33125
67.00,2.3625,3.68,4.07,64,4.33125
67.00,2.49375,3.54,4.07,64,4.33125
67.00,2.49375,3.68,4.07,65,4.4625
67.00,2.49375,3.68,4.07,65,4.33125
67.00,2.49375,3.54,4.07,65,4.33125
68.00,2.49375,3.81,4.07,65,4.33125
68.00,2.625,3.68,4.20,65,4.33125
68.00,2.625,3.68,4.07,65,4.4625
68.00,2.49375,3.81,4.07,65,4.33125
68.00,2.625,3.68,4.07,65,4.4625
68.00,2.625,3.68,4.07,66,4.33125
69.00,2.625,3.68,4.07,66,4.4625
69.00,2.625,3.68,4.07,66,4.33125
69.00,2.625,3.68,4.07,66,4.4625
69.00,2.625,3.81,4.07,66,4.33125
69.00,2.75625,3.94,4.07,66,4.33125
69.00,2.75625,3.68,4.07,66,4.4625
70.00,2.625,3.81,4.07,67,4.33125
70.00,2.75625,3.81,4.07,67,4.4625
70.00,2.75625,3.68,4.07,67,4.33125
70.00,2.75625,3.81,4.07,67,4.4625
71.00,2.75625,3.68,4.07,67,4.33125
71.00,2.75625,3.68,4.07,67,4.4625
71.00,2.8875,3.81,4.07,68,4.33125
71.00,2.75625,3.68,4.07,68,4.33125
72.00,2.75625,3.68,4.07,68,4.4625
72.00,2.75625,3.81,4.07,68,4.33125
72.00,2.8875,3.68,4.20,68,4.4625
72.00,2.8875,3.68,4.07,68,4.4625
72.00,2.8875,3.81,4.07,68,4.33125
72.00,2.8875,3.94,4.20,69,4.4625
72.00,2.8875,3.94,4.07,69,4.33125
73.00,2.8875,3.94,4.20,69,4.4625
73.00,2.8875,3.81,4.20,69,4.4625
73.00,3.01875,3.68,4.07,69,4.33125
73.00,3.01875,3.81,4.20,70,4.4625
73.00,3.01875,3.94,4.07,70,4.33125
73.00,2.8875,3.81,4.20,70,4.4625
74.00,3.01875,3.81,4.07,70,4.33125
74.00,3.01875,3.68,4.07,70,4.4625
74.00,3.01875,3.81,4.07,71,4.33125
74.00,3.01875,3.94,4.07,71,4.4625
74.00,3.01875,3.81,4.20,71,4.33125
74.00,3.01875,3.81,4.07,71,4.4625
74.00,3.01875,3.94,4.07,71,4.33125
74.00,3.15,3.94,4.07,71,4.33125
75.00,3.28125,3.81,4.20,71,4.4625
75.00,3.28125,3.68,4.07,72,4.33125
75.00,3.28125,3.68,4.20,72,4.4625
75.00,3.28125,3.81,4.20,72,4.33125
75.00,3.28125,3.68,4.07,72,4.4625
75.00,3.28125,3.81,4.20,72,4.33125
76.00,3.4125,3.68,4.07,72,4.4625
76.00,3.4125,3.81,4.20,72,4.33125
76.00,3.4125,3.81,4.20,73,4.4625
76.00,3.4125,3.81,4.20,73,4.33125
77.00,3.4125,3.68,4.20,73,4.33125
77.00,3.4125,3.68,4.20,73,4.33125
77.00,3.4125,3.81,4.20,74,4.33125
77.00,3.4125,3.68,4.20,74,4.33125
77.00,3.4125,3.68,4.07,74,4.33125
78.00,3.4125,3.81,4.20,74,4.33125
78.00,3.4125,3.68,4.20,74,4.4625
78.00,3.4125,3.81,4.07,74,4.33125
78.00,3.4125,3.94,4.20,74,4.33125
78.00,3.54375,3.81,4.20,75,4.33125
78.00,3.4125,3.81,4.20,75,4.4625
79.00,3.54375,3.94,4.20,75,4.33125
79.00,3.54375,3.81,4.20,75,4.33125
79.00,3.54375,3.81,4.20,76,4.4625
79.00,3.54375,3.94,4.20,76,4.33125
80.00,3.4125,3.81,4.20,76,4.4625
80.00,3.54375,3.81,4.20,76,4.33125
80.00,3.54375,3.94,4.20,76,4.4625
80.00,3.54375,3.94,4.20,77,4.4625
80.00,3.54375,3.94,4.20,77,4.33125
81.00,3.54375,3.94,4.20,77,4.4625
81.00,3.54375,3.94,4.20,78,4.4625
81.00,3.675,3.81,4.20,78,4.4625
81.00,3.675,3.81,4.20,78,4.33125
81.00,3.675,3.94,4.20,78,4.4625
82.00,3.675,3.94,4.20,79,4.33125
82.00,3.675,3.81,4.20,79,4.4625
82.00,3.675,3.94,4.20,79,4.4625
82.00,3.675,3.81,4.20,79,4.33125
82.00,3.675,3.81,4.20,79,4.4625
83.00,3.675,3.94,4.20,80,4.4625
83.00,3.675,3.81,4.20,80,4.4625
83.00,3.675,3.94,4.20,80,4.33125
83.00,3.675,3.94,4.20,80,4.4625
83.00,3.675,3.94,4.20,81,4.33125
84.00,3.675,3.94,4.20,81,4.4625
84.00,3.675,4.07,4.33,81,4.4625
84.00,3.675,3.94,4.33,82,4.4625
84.00,3.675,3.94,4.20,82,4.4625
85.00,3.675,3.81,4.33,82,4.4625
85.00,3.675,3.94,4.20,82,4.4625
85.00,3.675,3.81,4.33,83,4.4625
85.00,3.675,3.94,4.33,83,4.4625
85.00,3.675,3.81,4.20,83,4.33125
85.00,3.675,3.94,4.33,84,4.4625
85.00,3.675,3.81,4.20,84,4.4625
86.00,3.675,3.81,4.33,84,4.4625
86.00,3.675,3.81,4.20,84,4.4625
86.00,3.675,3.81,4.33,84,4.33125
86.00,3.675,3.94,4.20,85,4.4625
86.00,3.675,3.81,4.20,85,4.4625
87.00,3.675,3.94,4.20,85,4.33125
87.00,3.80625,3.81,4.33,85,4.4625
87.00,3.675,3.94,4.20,85,4.4625
87.00,3.675,3.81,4.33,86,4.4625
87.00,3.675,3.94,4.33,86,4.4625
87.00,3.80625,3.94,4.20,86,4.4625
88.00,3.675,3.81,4.33,87,4.4625
88.00,3.80625,3.81,4.20,87,4.4625
88.00,3.675,3.81,4.20,87,4.4625
89.00,3.80625,3.94,4.20,87,4.4625
89.00,3.675,3.81,4.20,88,4.4625
89.00,3.675,3.94,4.33,88,4.4625
89.00,3.80625,3.81,4.20,88,4.4625
89.00,3.675,3.94,4.33,89,4.4625
89.00,3.80625,3.94,4.20,89,4.4625
89.00,3.675,4.07,4.33,89,4.4625
90.00,3.80625,3.94,4.33,89,4.4625
90.00,3.675,3.81,4.20,90,4.4625
90.00,3.80625,3.81,4.33,90,4.4625
90.00,3.675,3.81,4.20,90,4.33125
90.00,3.80625,3.94,4.20,90,4.4625
91.00,3.675,4.07,4.33,90,4.33125
91.00,3.80625,3.94,4.20,91,4.4625
91.00,3.675,3.94,4.20,91,4.33125
91.00,3.80625,4.07,4.33,91,4.33125
91.00,3.675,4.07,4.20,91,4.4625
92.00,3.675,3.94,4.20,91,4.33125
92.00,3.80625,3.81,4.20,91,4.33125
92.00,3.675,3.94,4.33,91,4.33125
92.00,3.80625,3.94,4.20,92,4.4625
92.00,3.675,3.81,4.33,92,4.33125
92.00,3.80625,4.07,4.20,92,4.4625
93.00,3.675,3.94,4.33,92,4.33125
93.00,3.80625,3.81,4.20,92,4.4625
93.00,3.80625,3.94,4.20,93,4.33125
93.00,3.675,4.07,4.20,93,4.4625
93.00,3.80625,3.94,4.20,93,4.4625
93.00,3.675,3.94,4.20,93,4.33125
94.00,3.80625,3.81,4.20,93,4.4625
94.00,3.675,3.94,4.20,93,4.33125
94.00,3.80625,3.81,4.20,94,4.4625
94.00,3.675,3.94,4.20,94,4.4625
94.00,3.80625,3.81,4.20,94,4.33125
94.00,3.675,3.94,4.20,94,4.4625
95.00,3.80625,3.81,4.20,95,4.4625
95.00,3.675,3.81,4.20,95,4.4625
95.00,3.675,3.94,4.20,95,4.4625
95.00,3.80625,3.81,4.20,95,4.4625
95.00,3.675,3.94,4.20,96,4.4625
95.00,3.80625,3.94,4.20,96,4.4625
96.00,3.675,3.94,4.20,96,4.4625
96.00,3.80625,3.94,4.20,96,4.4625
96.00,3.80625,3.94,4.20,97,4.4625
96.00,3.675,3.81,4.20,97,4.4625
96.00,3.675,4.07,4.20,97,4.4625
96.00,3.80625,3.94,4.20,97,4.4625
97.00,3.675,3.94,4.20,97,4.4625
97.00,3.80625,3.81,4.20,97,4.4625
97.00,3.675,4.07,4.20,98,4.4625
97.00,3.80625,3.94,4.33,98,4.4625
97.00,3.675,4.07,4.20,98,4.4625
98.00,3.80625,3.94,4.20,99,4.4625
98.00,3.675,4.07,4.33,99,4.4625
98.00,3.80625,3.94,4.20,99,4.4625
98.00,3.675,3.81,4.33,99,4.4625
98.00,3.80625,3.94,4.20,100,4.4625
99.00,3.675,3.94,4.33,100,4.4625
99.00,3.80625,3.94,4.20,100,4.4625
99.00,3.80625,3.94,4.33,101,4.4625
99.00,3.80625,4.07,4.20,101,4.4625
99.00,3.675,3.94,4.20,101,4.4625
100.00,3.80625,3.94,4.33,101,4.4625
100.00,3.80625,3.94,4.20,102,4.4625
100.00,3.80625,3.94,4.33,102,4.4625
100.00,3.80625,3.94,4.20,102,4.4625
101.00,3.80625,3.94,4.20,102,4.4625
101.00,3.80625,3.81,4.33,103,4.4625
101.00,3.80625,3.81,4.20,103,4.4625
101.00,3.80625,3.81,4.33,103,4.4625
102.00,3.80625,3.81,4.33,104,4.4625
102.00,3.80625,3.94,4.20,104,4.4625
102.00,3.80625,3.81,4.33,104,4.4625
102.00,3.80625,3.94,4.20,104,4.4625
102.00,3.80625,3.81,4.33,105,4.4625
103.00,3.80625,3.94,4.20,105,4.4625
103.00,3.80625,3.81,4.20,105,4.4625
103.00,3.80625,3.94,4.20,106,4.4625
103.00,3.80625,3.81,4.33,106,4.4625
103.00,3.9375,3.94,4.20,106,4.4625
103.00,3.80625,3.81,4.33,106,4.4625
104.00,3.80625,3.94,4.20,107,4.4625
104.00,3.80625,4.07,4.33,107,4.4625
104.00,3.80625,4.07,4.33,107,4.4625
104.00,3.80625,4.07,4.33,108,4.4625
104.00,3.80625,4.07,4.20,108,4.4625
105.00,3.80625,4.07,4.33,108,4.4625
105.00,3.80625,4.07,4.20,108,4.4625
105.00,3.80625,4.07,4.33,109,4.4625
105.00,3.80625,4.07,4.20,109,4.4625
106.00,3.80625,4.07,4.33,109,4.4625
106.00,3.80625,4.07,4.33,109,4.4625
106.00,3.9375,4.07,4.33,110,4.4625
107.00,3.80625,4.07,4.33,110,4.4625
107.00,3.80625,4.07,4.20,110,4.4625
107.00,3.80625,4.07,4.33,110,4.4625
107.00,3.80625,4.07,4.33,111,4.4625
108.00,3.80625,4.07,4.33,111,4.4625
108.00,3.9375,4.07,4.20,111,4.4625
108.00,3.80625,4.07,4.33,111,4.4625
108.00,3.9375,4.07,4.20,112,4.4625
109.00,3.80625,3.94,4.33,112,4.4625
109.00,3.80625,3.94,4.33,112,4.4625
109.00,3.80625,4.07,4.33,113,4.4625
109.00,3.80625,3.94,4.33,113,4.4625
109.00,3.80625,3.94,4.33,113,4.4625
110.00,3.80625,3.94,4.33,113,4.4625
110.00,3.9375,3.94,4.33,114,4.33125
110.00,3.80625,3.81,4.33,114,4.4625
110.00,3.80625,3.94,4.33,114,4.4625
111.00,3.80625,3.94,4.33,114,4.4625
111.00,3.9375,4.07,4.33,115,4.4625
111.00,3.80625,3.94,4.33,115,4.4625
111.00,3.9375,4.07,4.33,115,4.4625
111.00,3.80625,3.94,4.33,116,4.4625
111.00,3.9375,3.94,4.33,116,4.4625
112.00,3.80625,3.94,4.33,116,4.4625
112.00,3.9375,4.07,4.33,116,4.4625
112.00,3.80625,3.94,4.33,117,4.4625
112.00,3.9375,3.94,4.33,117,4.4625
112.00,3.80625,3.94,4.33,117,4.4625
113.00,3.80625,3.94,4.33,118,4.4625
113.00,3.9375,3.94,4.33,118,4.4625
113.00,3.80625,3.81,4.33,118,4.4625
113.00,3.80625,3.94,4.33,118,4.4625
113.00,3.80625,4.20,4.33,119,4.4625
114.00,3.80625,4.20,4.33,119,4.4625
114.00,3.9375,3.94,4.33,119,4.4625
114.00,3.80625,3.81,4.33,119,4.4625
114.00,3.9375,3.94,4.20,119,4.4625
114.00,3.9375,4.07,4.33,120,4.4625
114.00,3.9375,4.20,4.33,120,4.4625
114.00,3.9375,4.07,4.20,120,4.4625
114.00,3.80625,3.94,4.33,120,4.4625
115.00,3.80625,3.94,4.20,121,4.4625
115.00,3.9375,3.94,4.20,121,4.4625
115.00,3.80625,4.07,4.33,121,4.4625
115.00,3.9375,4.20,4.20,121,4.4625
115.00,3.80625,4.07,4.33,122,4.4625
115.00,3.9375,3.94,4.20,122,4.4625
115.00,3.80625,4.07,4.33,122,4.4625
115.00,3.9375,3.94,4.20,122,4.4625
116.00,3.80625,3.94,4.20,122,4.4625
116.00,3.9375,3.94,4.33,123,4.4625
116.00,3.9375,4.07,4.20,123,4.4625
116.00,3.80625,3.94,4.33,123,4.4625
116.00,3.80625,4.20,4.20,123,4.4625
117.00,3.9375,4.07,4.33,123,4.4625
117.00,3.9375,3.94,4.20,124,4.4625
117.00,3.80625,4.20,4.33,124,4.4625
117.00,3.9375,4.07,4.20,124,4.4625
117.00,3.80625,3.94,4.33,124,4.4625
117.00,3.9375,3.81,4.20,124,4.4625
118.00,3.80625,3.94,4.33,124,4.4625
118.00,3.9375,3.81,4.20,125,4.4625
118.00,3.80625,3.94,4.33,125,4.4625
118.00,3.9375,3.81,4.33,125,4.4625
118.00,3.80625,3.94,4.33,125,4.4625
118.00,3.9375,4.07,4.33,125,4.4625
118.00,3.80625,3.94,4.33,126,4.4625
119.00,3.9375,3.81,4.33,126,4.4625
119.00,3.80625,3.94,4.33,126,4.4625
119.00,3.9375,3.81,4.33,126,4.4625
119.00,3.9375,3.94,4.33,127,4.4625
119.00,3.9375,3.94,4.33,127,4.4625
120.00,3.9375,3.94,4.33,127,4.4625
120.00,3.80625,4.07,4.33,127,4.4625
120.00,3.9375,4.20,4.33,128,4.4625
120.00,3.9375,4.07,4.33,128,4.4625
120.00,3.9375,3.94,4.33,128,4.4625
121.00,3.80625,4.07,4.33,129,4.4625
121.00,3.9375,4.07,4.33,129,4.4625
121.00,3.9375,4.07,4.33,129,4.4625
121.00,3.9375,3.94,4.33,129,4.4625
122.00,3.80625,3.94,4.33,130,4.4625
122.00,3.9375,3.94,4.33,130,4.4625
122.00,3.9375,4.07,4.33,130,4.4625
122.00,3.9375,4.07,4.33,130,4.4625
123.00,3.9375,4.07,4.33,131,4.4625
123.00,3.9375,3.94,4.33,131,4.4625
123.00,3.9375,3.94,4.33,131,4.4625
123.00,3.9375,4.07,4.33,131,4.4625
124.00,3.9375,4.07,4.33,132,4.4625
124.00,3.9375,3.94,4.33,132,4.4625
124.00,3.9375,4.07,4.33,132,4.4625
124.00,3.9375,3.94,4.33,133,4.4625
124.00,3.9375,4.07,4.33,133,4.4625
124.00,3.9375,3.94,4.33,133,4.4625
124.00,3.9375,3.94,4.33,133,4.4625
125.00,3.9375,4.07,4.33,134,4.4625
125.00,3.9375,3.94,4.33,134,4.4625
125.00,3.9375,4.07,4.33,134,4.4625
125.00,,3.94,4.33,134,4.4625
125.00,,3.94,4.33,134,4.4625
125.00,,4.07,4.33,135,4.4625
126.00,,3.94,4.33,135,4.4625
126.00,,4.07,4.33,135,4.4625
126.00,,3.94,4.33,135,4.4625
126.00,,4.07,4.33,136,4.4625
126.00,,4.07,4.33,136,4.4625
126.00,,3.94,4.33,136,4.4625
127.00,,3.94,4.33,136,4.4625
127.00,,4.07,4.46,137,4.4625
127.00,,3.94,4.33,137,4.4625
127.00,,4.07,4.33,137,4.4625
127.00,,3.94,4.33,138,4.4625
128.00,,4.07,4.46,138,4.4625
128.00,,3.94,4.33,138,4.4625
128.00,,4.07,4.33,138,4.4625
128.00,,3.94,4.33,139,4.4625
128.00,,4.07,4.33,139,4.4625
128.00,,3.94,4.33,139,4.4625
128.00,,3.94,4.46,140,4.4625
129.00,,4.07,4.33,140,4.4625
129.00,,3.94,4.46,140,4.4625
129.00,,4.07,4.46,140,4.4625
129.00,,4.07,4.33,141,4.4625
129.00,,3.94,4.33,141,4.4625
130.00,,4.07,4.46,141,4.4625
130.00,,3.94,4.33,141,4.4625
130.00,,4.07,4.46,142,4.4625
130.00,,3.94,4.33,142,4.4625
130.00,,4.07,4.33,142,4.4625
130.00,,4.20,4.33,143,4.4625
130.00,,4.33,4.33,143,4.4625
131.00,,4.20,4.33,143,4.4625
131.00,,4.20,4.46,143,4.4625
131.00,,4.07,4.33,144,4.4625
131.00,,4.20,4.33,144,4.4625
131.00,,4.20,4.33,144,4.4625
132.00,,4.20,4.46,145,4.4625
132.00,,4.20,4.33,145,4.4625
132.00,,4.20,4.33,145,4.4625
132.00,,4.07,4.33,145,4.4625
133.00,,4.20,4.33,145,4.4625
133.00,,4.07,4.33,146,4.4625
133.00,,4.20,4.33,146,4.4625
133.00,,4.07,4.33,146,4.4625
133.00,,4.20,4.33,147,4.4625
133.00,,4.07,4.33,147,4.4625
133.00,,4.20,4.33,147,4.4625
134.00,,4.07,4.33,147,4.4625
134.00,,4.20,4.33,148,4.4625
134.00,,4.07,4.33,148,4.4625
134.00,,4.07,4.33,148,4.4625
134.00,,4.20,4.33,148,4.4625
134.00,,4.07,4.46,148,4.4625
135.00,,3.94,4.33,149,4.4625
135.00,,4.07,4.46,149,4.4625
135.00,,4.07,4.33,149,4.4625
135.00,,4.07,4.33,150,4.4625
135.00,,4.07,4.33,150,4.4625
136.00,,3.94,4.33,150,4.4625
136.00,,4.07,4.33,150,4.4625
136.00,,4.07,4.33,151,4.4625
136.00,,4.20,4.33,151,4.4625
136.00,,4.20,4.33,151,4.4625
136.00,,4.20,4.33,151,4.4625
137.00,,4.07,4.33,152,4.4625
137.00,,3.94,4.33,152,4.4625
137.00,,4.07,4.33,152,4.4625
137.00,,4.07,4.33,153,4.4625
137.00,,3.94,4.33,153,4.4625
137.00,,4.20,4.33,153,4.4625
137.00,,4.07,4.33,153,4.4625
138.00,,4.07,4.33,154,4.4625
138.00,,4.07,4.33,154,4.4625
138.00,,3.94,4.33,154,4.4625
138.00,,4.07,4.33,154,4.4625
139.00,,4.20,4.33,155,4.4625
139.00,,4.07,4.46,155,4.4625
139.00,,4.07,4.46,155,4.4625
139.00,,4.20,4.46,155,4.4625
139.00,,4.20,4.46,156,4.4625
140.00,,4.20,4.46,156,4.4625
140.00,,4.07,4.33,156,4.4625
140.00,,4.07,4.46,156,4.4625
141.00,,4.07,4.33,157,4.4625
141.00,,4.20,4.46,157,4.4625
141.00,,4.07,4.33,157,4.4625
141.00,,4.20,4.46,157,4.4625
141.00,,4.07,4.46,158,4.4625
141.00,,4.07,4.46,158,4.4625
142.00,,4.07,4.46,158,4.4625
142.00,,4.07,4.46,158,4.4625
142.00,,4.07,4.46,159,4.4625
142.00,,4.20,4.46,159,4.4625
143.00,,4.33,4.46,159,4.4625
143.00,,4.07,4.46,159,4.4625
143.00,,4.20,4.46,160,4.4625
143.00,,4.07,4.46,160,4.4625
143.00,,4.07,4.46,160,4.4625
143.00,,4.20,4.46,160,4.4625
143.00,,4.07,4.46,161,4.4625
144.00,,4.07,4.46,161,4.4625
144.00,,4.20,,161,4.4625
144.00,,4.07,,162,4.4625
144.00,,3.94,,162,4.4625
144.00,,4.07,,162,4.4625
144.00,,4.20,,162,4.4625
145.00,,4.20,,162,4.4625
145.00,,4.07,,162,4.4625
145.00,,4.07,,163,4.4625
145.00,,4.20,,163,4.4625
146.00,,4.07,,163,4.4625
146.00,,4.07,,164,4.4625
146.00,,4.20,,164,4.4625
146.00,,4.07,,,
146.00,,4.20,,,
146.00,,4.07,,,
147.00,,4.07,,,
147.00,,4.20,,,
147.00,,4.20,,,
147.00,,4.07,,,
147.00,,4.20,,,
148.00,,4.07,,,
148.00,,4.07,,,
148.00,,4.20,,,
148.00,,4.07,,,
148.00,,4.20,,,
149.00,,4.33,,,
149.00,,4.07,,,
149.00,,4.07,,,
149.00,,4.20,,,
149.00,,4.07,,,
150.00,,4.07,,,
150.00,,4.07,,,
150.00,,4.07,,,
151.00,,4.07,,,
151.00,,4.20,,,
151.00,,4.20,,,
151.00,,4.20,,,
152.00,,4.20,,,
152.00,,4.20,,,
152.00,,4.20,,,
152.00,,4.20,,,
153.00,,4.20,,,
153.00,,4.20,,,
153.00,,4.20,,,
154.00,,4.20,,,
154.00,,4.20,,,
154.00,,4.20,,,
154.00,,4.07,,,
155.00,,4.07,,,
155.00,,4.20,,,
155.00,,4.07,,,
155.00,,4.20,,,
155.00,,4.20,,,
156.00,,4.20,,,
156.00,,4.07,,,
156.00,,4.20,,,
156.00,,4.07,,,
156.00,,4.20,,,
157.00,,4.20,,,
157.00,,4.20,,,
157.00,,4.07,,,
157.00,,4.20,,,
157.00,,4.20,,,
158.00,,4.20,,,
158.00,,4.20,,,
158.00,,4.20,,,
158.00,,4.20,,,
159.00,,4.07,,,
159.00,,4.20,,,
159.00,,4.20,,,
159.00,,4.07,,,
160.00,,4.07,,,
160.00,,4.07,,,
160.00,,4.20,,,
160.00,,4.20,,,
160.00,,4.07,,,
161.00,,3.94,,,
161.00,,4.07,,,
161.00,,4.07,,,
161.00,,4.20,,,
162.00,,4.20,,,
162.00,,4.07,,,
162.00,,4.07,,,
162.00,,4.20,,,
162.00,,4.07,,,
162.00,,3.94,,,
162.00,,4.07,,,
163.00,,4.07,,,
163.00,,3.94,,,
163.00,,4.20,,,
163.00,,4.07,,,
163.00,,4.07,,,
164.00,,4.20,,,
164.00,,4.33,,,